StartTime,EndTime,Duration(min),Volume(gal),Flowrate(gpm),Peak_Value(gpm),Mode_Value(gpm),Label
2020-07-21 09:44:00,2020-07-21 09:45:00,0.466666667,0.915618,1.962038571,0.166476,0.083238,faucet
2020-07-21 09:45:00,2020-07-21 09:46:00,0.266666667,0.457809,1.71678375,0.124857,0.083238,faucet
2020-07-21 10:04:00,2020-07-21 10:05:00,0.733333333,0.541047,0.737791364,0.041619,0.041619,faucet
2020-07-21 10:05:00,2020-07-21 10:07:00,1.2,3.495996,2.91333,0.208095,0.166476,toilet
2020-07-21 10:08:00,2020-07-21 10:08:00,0.333333333,0.332952,0.998856,0.041619,0.041619,faucet
2020-07-21 10:13:00,2020-07-21 10:14:00,1.2,3.912186,3.260155,0.249714,0.208095,toilet
2020-07-21 10:29:00,2020-07-21 10:30:00,0.266666667,0.208095,0.78035625,0.041619,0.041619,faucet
2020-07-21 10:31:00,2020-07-21 10:31:00,0.266666667,0.249714,0.9364275,0.041619,0.041619,faucet
2020-07-21 10:45:00,2020-07-21 10:45:00,0.333333333,0.332952,0.998856,0.083238,0.041619,faucet
2020-07-21 10:46:00,2020-07-21 10:47:00,1.2,3.662472,3.05206,0.208095,0.208095,toilet
2020-07-21 11:18:00,2020-07-21 11:19:00,0.6,0.582666,0.97111,0.041619,0.041619,faucet
2020-07-21 11:32:00,2020-07-21 11:33:00,0.466666667,0.457809,0.981019286,0.041619,0.041619,faucet
2020-07-21 11:36:00,2020-07-21 11:37:00,0.133333333,0.124857,0.9364275,0.083238,0.041619,faucet
2020-07-21 11:45:00,2020-07-21 12:01:00,16.13333333,52.43994,3.250409504,0.249714,0.208095,hose
2020-07-21 12:18:00,2020-07-21 12:23:00,4.933333333,13.817508,2.800846216,0.166476,0.166476,clothwasher
2020-07-21 12:31:00,2020-07-21 12:32:00,0.533333333,1.331808,2.49714,0.166476,0.166476,toilet
2020-07-21 12:35:00,2020-07-21 12:35:00,0.4,0.915618,2.289045,0.166476,0.124857,toilet
2020-07-21 12:36:00,2020-07-21 12:37:00,0.266666667,0.457809,1.71678375,0.124857,0.083238,faucet
2020-07-21 12:48:00,2020-07-21 12:49:00,1.266666667,1.290189,1.018570263,0.041619,0.041619,faucet
2020-07-21 13:09:00,2020-07-21 13:10:00,1,2.205807,2.205807,0.166476,0.166476,toilet
2020-07-21 13:12:00,2020-07-21 13:13:00,0.666666667,2.663616,3.995424,0.41619,0.332952,toilet
2020-07-21 13:32:00,2020-07-21 13:34:00,1.6,1.623141,1.014463125,0.041619,0.041619,faucet
2020-07-21 13:34:00,2020-07-21 13:35:00,0.466666667,2.455521,5.261830714,0.41619,0.291333,toilet
2020-07-21 13:37:00,2020-07-21 13:37:00,0.4,0.291333,0.7283325,0.041619,0.041619,faucet
2020-07-21 13:44:00,2020-07-21 13:44:00,0.266666667,0.249714,0.9364275,0.083238,0.041619,faucet
2020-07-21 13:51:00,2020-07-21 13:52:00,1.266666667,3.662472,2.891425263,0.249714,0.166476,toilet
2020-07-21 14:02:00,2020-07-21 14:03:00,0.2,0.124857,0.624285,0.041619,0.041619,faucet
2020-07-21 14:03:00,2020-07-21 14:03:00,0.2,0.124857,0.624285,0.041619,0.041619,faucet
2020-07-21 14:49:00,2020-07-21 14:50:00,1.133333333,1.123713,0.991511471,0.041619,0.041619,faucet
2020-07-21 15:42:00,2020-07-21 15:43:00,0.4,2.247426,5.618565,0.41619,0.291333,toilet
2020-07-21 15:49:00,2020-07-21 15:50:00,1.333333333,3.412758,2.5595685,0.166476,0.166476,toilet
2020-07-21 15:53:00,2020-07-21 15:54:00,0.4,0.332952,0.83238,0.041619,0.041619,faucet
2020-07-21 15:59:00,2020-07-21 15:59:00,0.133333333,0.124857,0.9364275,0.083238,0.041619,faucet
2020-07-21 16:13:00,2020-07-21 16:14:00,1.333333333,3.662472,2.746854,0.208095,0.166476,toilet
2020-07-21 18:10:00,2020-07-21 18:10:00,0.2,0.166476,0.83238,0.083238,0.041619,faucet
2020-07-21 18:28:00,2020-07-21 18:29:00,0.133333333,0.124857,0.9364275,0.041619,0.041619,faucet
2020-07-21 18:55:00,2020-07-21 18:56:00,1,2.164188,2.164188,0.166476,0.166476,toilet
2020-07-21 19:02:00,2020-07-21 19:03:00,1.266666667,3.579234,2.825711053,0.208095,0.166476,toilet
2020-07-21 19:17:00,2020-07-21 19:17:00,0.4,2.372283,5.9307075,0.41619,0.374571,toilet
2020-07-21 19:49:00,2020-07-21 19:50:00,1.2,3.579234,2.982695,0.208095,0.208095,toilet
2020-07-21 20:43:00,2020-07-21 20:43:00,0.466666667,0.41619,0.891835714,0.083238,0.041619,faucet
2020-07-21 20:45:00,2020-07-21 20:45:00,0.266666667,0.208095,0.78035625,0.041619,0.041619,faucet
2020-07-21 20:46:00,2020-07-21 20:47:00,0.866666667,0.915618,1.056482308,0.083238,0.041619,faucet
2020-07-21 20:48:00,2020-07-21 20:48:00,0.2,0.166476,0.83238,0.041619,0.041619,faucet
2020-07-21 20:48:00,2020-07-21 20:49:00,0.533333333,0.457809,0.858391875,0.041619,0.041619,faucet
2020-07-21 20:50:00,2020-07-21 20:50:00,0.2,0.166476,0.83238,0.041619,0.041619,faucet
2020-07-21 21:00:00,2020-07-21 21:06:00,5.733333333,12.4857,2.177738372,0.249714,0.124857,shower
2020-07-21 21:10:00,2020-07-21 21:11:00,0.333333333,0.332952,0.998856,0.041619,0.041619,faucet
2020-07-21 21:11:00,2020-07-21 21:12:00,0.733333333,0.665904,0.908050909,0.083238,0.041619,faucet
2020-07-21 21:14:00,2020-07-21 21:15:00,1.2,3.495996,2.91333,0.166476,0.166476,toilet
2020-07-21 21:22:00,2020-07-21 21:29:00,6.466666667,25.678923,3.970967474,0.374571,0.291333,hose
2020-07-21 21:32:00,2020-07-21 21:33:00,0.866666667,0.915618,1.056482308,0.041619,0.041619,faucet
2020-07-21 21:34:00,2020-07-21 21:36:00,2.733333333,2.830092,1.035399512,0.166476,0.041619,faucet
2020-07-21 21:36:00,2020-07-21 21:37:00,0.333333333,0.291333,0.873999,0.041619,0.041619,faucet
2020-07-21 21:38:00,2020-07-21 21:40:00,1.6,4.369995,2.731246875,0.166476,0.166476,toilet
2020-07-21 21:41:00,2020-07-21 21:41:00,0.266666667,0.499428,1.872855,0.124857,0.124857,toilet
2020-07-21 21:46:00,2020-07-21 21:46:00,0.266666667,0.208095,0.78035625,0.041619,0.041619,faucet
2020-07-21 22:13:00,2020-07-21 22:14:00,1,2.164188,2.164188,0.166476,0.166476,toilet
2020-07-21 22:40:00,2020-07-21 22:41:00,1.2,3.579234,2.982695,0.166476,0.166476,toilet
2020-07-22 00:49:00,2020-07-22 00:50:00,0.933333333,2.205807,2.363364643,0.166476,0.166476,toilet
2020-07-22 03:44:00,2020-07-22 04:43:00,59.6,70.294491,1.179437768,0.582666,0.041619,irrigation
2020-07-22 04:59:00,2020-07-22 07:21:00,142.2,3026.034252,21.28012835,2.413902,1.498284,irrigation
2020-07-22 07:21:00,2020-07-22 07:21:00,0.133333333,0.124857,0.9364275,0.083238,0.041619,faucet
2020-07-22 07:22:00,2020-07-22 07:28:00,6.466666667,10.987416,1.699084948,0.124857,0.083238,shower
2020-07-22 07:36:00,2020-07-22 07:37:00,1.2,1.24857,1.040475,0.041619,0.041619,faucet
2020-07-22 07:38:00,2020-07-22 07:39:00,0.133333333,0.124857,0.9364275,0.041619,0.041619,faucet
2020-07-22 07:39:00,2020-07-22 07:40:00,1.2,1.24857,1.040475,0.083238,0.041619,faucet
2020-07-22 07:47:00,2020-07-22 07:47:00,0.4,0.374571,0.9364275,0.083238,0.041619,faucet
2020-07-22 07:59:00,2020-07-22 08:01:00,1.333333333,1.331808,0.998856,0.041619,0.041619,faucet
2020-07-22 08:02:00,2020-07-22 08:03:00,0.466666667,0.457809,0.981019286,0.041619,0.041619,faucet
2020-07-22 08:03:00,2020-07-22 08:03:00,0.2,0.208095,1.040475,0.083238,0.041619,faucet
2020-07-22 08:04:00,2020-07-22 08:04:00,0.333333333,0.332952,0.998856,0.041619,0.041619,faucet
2020-07-22 08:54:00,2020-07-22 08:55:00,0.933333333,2.205807,2.363364643,0.166476,0.166476,toilet
2020-07-22 09:08:00,2020-07-22 09:09:00,0.933333333,2.164188,2.318772857,0.166476,0.124857,toilet
2020-07-22 09:15:00,2020-07-22 09:15:00,0.4,0.374571,0.9364275,0.041619,0.041619,faucet
2020-07-22 09:21:00,2020-07-22 09:22:00,1,1.123713,1.123713,0.083238,0.041619,faucet
2020-07-22 09:23:00,2020-07-22 09:24:00,0.6,0.665904,1.10984,0.041619,0.041619,faucet
2020-07-22 09:47:00,2020-07-22 09:47:00,0.266666667,0.249714,0.9364275,0.083238,0.041619,faucet
2020-07-22 09:52:00,2020-07-22 09:52:00,0.2,0.166476,0.83238,0.041619,0.041619,faucet
2020-07-22 09:57:00,2020-07-22 09:57:00,0.2,0.166476,0.83238,0.041619,0.041619,faucet
2020-07-22 10:08:00,2020-07-22 10:09:00,0.466666667,0.374571,0.802652143,0.041619,0.041619,faucet
2020-07-22 10:11:00,2020-07-22 10:12:00,1.066666667,1.123713,1.053480938,0.041619,0.041619,faucet
2020-07-22 10:12:00,2020-07-22 10:13:00,0.2,0.166476,0.83238,0.041619,0.041619,faucet
2020-07-22 10:19:00,2020-07-22 10:20:00,0.4,2.247426,5.618565,0.41619,0.291333,toilet
2020-07-22 10:24:00,2020-07-22 10:28:00,3.933333333,15.107697,3.840939915,0.291333,0.249714,hose
2020-07-22 10:30:00,2020-07-22 10:31:00,1.2,3.579234,2.982695,0.208095,0.166476,toilet
2020-07-22 11:28:00,2020-07-22 11:29:00,0.8,0.790761,0.98845125,0.041619,0.041619,faucet
2020-07-22 11:43:00,2020-07-22 11:44:00,1.266666667,3.620853,2.858568158,0.208095,0.166476,toilet
2020-07-22 11:48:00,2020-07-22 11:53:00,5.066666667,8.781609,1.733212303,0.124857,0.083238,shower
2020-07-22 11:58:00,2020-07-22 11:58:00,0.2,0.166476,0.83238,0.041619,0.041619,faucet
2020-07-22 12:01:00,2020-07-22 12:02:00,0.6,0.374571,0.624285,0.041619,0.041619,faucet
2020-07-22 12:15:00,2020-07-22 12:16:00,1,2.205807,2.205807,0.166476,0.166476,toilet
2020-07-22 12:20:00,2020-07-22 12:20:00,0.466666667,2.289045,4.905096429,0.41619,0.41619,toilet
2020-07-22 12:21:00,2020-07-22 12:26:00,4.533333333,13.276461,2.928631103,0.208095,0.166476,clothwasher
2020-07-22 12:28:00,2020-07-22 12:28:00,0.4,0.249714,0.624285,0.041619,0.041619,faucet
2020-07-22 12:34:00,2020-07-22 12:35:00,0.6,1.415046,2.35841,0.166476,0.166476,toilet
2020-07-22 12:38:00,2020-07-22 12:38:00,0.466666667,0.957237,2.051222143,0.166476,0.124857,toilet
2020-07-22 12:39:00,2020-07-22 12:39:00,0.266666667,0.457809,1.71678375,0.124857,0.083238,faucet
2020-07-22 12:47:00,2020-07-22 12:48:00,0.266666667,0.249714,0.9364275,0.041619,0.041619,faucet
2020-07-22 13:03:00,2020-07-22 13:03:00,0.266666667,0.208095,0.78035625,0.041619,0.041619,faucet
2020-07-22 13:07:00,2020-07-22 13:08:00,0.933333333,2.164188,2.318772857,0.166476,0.166476,toilet
2020-07-22 13:12:00,2020-07-22 13:13:00,0.933333333,2.330664,2.49714,0.208095,0.166476,toilet
2020-07-22 13:42:00,2020-07-22 13:42:00,0.4,0.332952,0.83238,0.041619,0.041619,faucet
2020-07-22 13:46:00,2020-07-22 13:46:00,0.2,0.208095,1.040475,0.041619,0.041619,faucet
2020-07-22 14:01:00,2020-07-22 14:01:00,0.266666667,0.166476,0.624285,0.041619,0.041619,faucet
2020-07-22 14:15:00,2020-07-22 14:15:00,0.466666667,2.372283,5.083463571,0.41619,0.291333,toilet
2020-07-22 14:30:00,2020-07-22 14:30:00,0.2,0.166476,0.83238,0.041619,0.041619,faucet
2020-07-22 14:30:00,2020-07-22 14:30:00,0.133333333,0.124857,0.9364275,0.083238,0.041619,faucet
2020-07-22 14:40:00,2020-07-22 14:42:00,1.2,3.579234,2.982695,0.208095,0.166476,toilet
2020-07-22 14:56:00,2020-07-22 14:56:00,0.266666667,0.166476,0.624285,0.041619,0.041619,faucet
2020-07-22 16:43:00,2020-07-22 16:44:00,1.2,3.495996,2.91333,0.166476,0.166476,toilet
2020-07-22 16:49:00,2020-07-22 16:50:00,0.2,0.166476,0.83238,0.041619,0.041619,faucet
2020-07-22 16:55:00,2020-07-22 16:56:00,1.266666667,3.537615,2.792853947,0.208095,0.208095,toilet
2020-07-22 18:05:00,2020-07-22 18:05:00,0.2,0.166476,0.83238,0.041619,0.041619,faucet
2020-07-22 18:07:00,2020-07-22 18:12:00,4.666666667,4.952661,1.0612845,0.041619,0.041619,faucet
2020-07-22 18:22:00,2020-07-22 18:22:00,0.4,0.374571,0.9364275,0.083238,0.041619,faucet
2020-07-22 19:49:00,2020-07-22 20:01:00,12.4,26.053494,1.872855,0.124857,0.124857,shower
2020-07-22 19:49:00,2020-07-22 19:49:00,0.2,0.249714,1.24857,0.041619,0.041619,faucet
2020-07-22 19:54:00,2020-07-22 19:54:00,0.2,0.208095,1.040475,0.041619,0.041619,faucet
2020-07-22 19:58:00,2020-07-22 19:59:00,1.4,3.787329,2.645779286,0.208095,0.208095,toilet
2020-07-22 21:01:00,2020-07-22 21:02:00,0.4,0.332952,0.83238,0.041619,0.041619,faucet
2020-07-22 21:23:00,2020-07-22 21:23:00,0.2,0.166476,0.83238,0.041619,0.041619,faucet
2020-07-22 21:41:00,2020-07-22 21:42:00,1.266666667,3.495996,2.759996842,0.166476,0.166476,toilet
2020-07-22 21:44:00,2020-07-22 21:45:00,0.266666667,0.166476,0.624285,0.041619,0.041619,faucet
2020-07-22 21:45:00,2020-07-22 21:46:00,1.266666667,3.495996,2.759996842,0.166476,0.166476,toilet
2020-07-22 21:47:00,2020-07-22 21:47:00,0.2,0.166476,0.83238,0.041619,0.041619,faucet
2020-07-22 21:48:00,2020-07-22 21:49:00,0.933333333,2.205807,2.363364643,0.166476,0.166476,toilet
2020-07-22 21:50:00,2020-07-22 21:52:00,1.333333333,3.870567,2.90292525,0.208095,0.208095,toilet
2020-07-22 22:06:00,2020-07-22 22:07:00,1,2.205807,2.205807,0.166476,0.166476,toilet
2020-07-23 03:44:00,2020-07-23 04:43:00,59.4,68.921064,1.160287273,0.499428,0.041619,irrigation
2020-07-23 07:20:00,2020-07-23 07:21:00,1,2.205807,2.205807,0.166476,0.166476,toilet
2020-07-23 07:35:00,2020-07-23 07:36:00,1.266666667,4.078662,3.219996316,0.249714,0.249714,toilet
2020-07-23 07:58:00,2020-07-23 07:58:00,0.4,0.374571,0.9364275,0.041619,0.041619,faucet
2020-07-23 08:02:00,2020-07-23 08:03:00,1.266666667,3.828948,3.022853684,0.249714,0.208095,toilet
2020-07-23 08:17:00,2020-07-23 08:17:00,0.933333333,2.122569,2.274181071,0.166476,0.124857,toilet
2020-07-23 09:06:00,2020-07-23 09:07:00,1.2,3.537615,2.9480125,0.166476,0.166476,toilet
2020-07-23 09:12:00,2020-07-23 09:12:00,0.2,0.166476,0.83238,0.041619,0.041619,faucet
2020-07-23 09:14:00,2020-07-23 09:14:00,0.133333333,0.124857,0.9364275,0.083238,0.041619,faucet
2020-07-23 09:14:00,2020-07-23 09:14:00,0.133333333,0.124857,0.9364275,0.041619,0.041619,faucet
2020-07-23 09:16:00,2020-07-23 09:16:00,0.266666667,0.291333,1.09249875,0.083238,0.041619,faucet
2020-07-23 09:25:00,2020-07-23 09:25:00,0.4,0.41619,1.040475,0.083238,0.041619,faucet
2020-07-23 09:35:00,2020-07-23 09:36:00,0.933333333,2.164188,2.318772857,0.166476,0.166476,toilet
2020-07-23 09:38:00,2020-07-23 09:38:00,0.333333333,0.291333,0.873999,0.041619,0.041619,faucet
2020-07-23 09:39:00,2020-07-23 09:39:00,0.2,0.166476,0.83238,0.041619,0.041619,faucet
2020-07-23 10:03:00,2020-07-23 10:10:00,7.266666667,11.694939,1.254297385,0.083238,0.083238,shower
2020-07-23 10:03:00,2020-07-23 10:05:00,1.6,3.454377,2.02892625,0.208095,0.208095,toilet
2020-07-23 10:15:00,2020-07-23 10:20:00,4.6,13.359699,2.904282391,0.208095,0.166476,clothwasher
2020-07-23 10:28:00,2020-07-23 10:28:00,0.6,1.415046,2.35841,0.166476,0.166476,toilet
2020-07-23 10:31:00,2020-07-23 10:32:00,0.333333333,0.915618,2.746854,0.166476,0.124857,toilet
2020-07-23 10:33:00,2020-07-23 10:33:00,0.266666667,0.457809,1.71678375,0.124857,0.041619,faucet
2020-07-23 11:07:00,2020-07-23 11:07:00,0.6,0.749142,1.24857,0.083238,0.083238,faucet
2020-07-23 11:12:00,2020-07-23 11:12:00,0.133333333,0.124857,0.9364275,0.083238,0.041619,faucet
2020-07-23 11:13:00,2020-07-23 11:13:00,0.333333333,0.249714,0.749142,0.041619,0.041619,faucet
2020-07-23 11:22:00,2020-07-23 11:22:00,0.933333333,2.164188,2.318772857,0.166476,0.166476,toilet
2020-07-23 11:49:00,2020-07-23 12:05:00,15.46666667,29.507871,1.872855,0.124857,0.124857,shower
2020-07-23 11:50:00,2020-07-23 11:50:00,0.2,0.124857,0.624285,0.041619,0.041619,faucet
2020-07-23 11:53:00,2020-07-23 11:53:00,0.466666667,0.499428,1.070202857,0.041619,0.041619,faucet
2020-07-23 11:57:00,2020-07-23 12:05:00,7.333333333,15.81522,2.145270273,0.332952,0.332952,hose
2020-07-23 12:04:00,2020-07-23 12:04:00,0.133333333,0.124857,0.624285,0.041619,0.041619,faucet
2020-07-23 12:27:00,2020-07-23 12:28:00,1.266666667,3.537615,2.792853947,0.166476,0.166476,toilet
2020-07-23 13:17:00,2020-07-23 13:18:00,0.2,0.124857,0.624285,0.041619,0.041619,faucet
2020-07-23 13:19:00,2020-07-23 13:19:00,0.133333333,0.124857,0.9364275,0.083238,0.041619,faucet
2020-07-23 13:24:00,2020-07-23 13:26:00,1.266666667,4.1619,3.285710526,0.249714,0.249714,toilet
2020-07-23 13:27:00,2020-07-23 13:37:00,9.866666667,15.898458,1.252788142,0.083238,0.083238,shower
2020-07-23 13:27:00,2020-07-23 13:27:00,0.466666667,0.332952,0.624285,0.041619,0.041619,faucet
2020-07-23 13:27:00,2020-07-23 13:27:00,0.133333333,0.249714,0.624285,0.041619,0.041619,faucet
2020-07-23 13:35:00,2020-07-23 13:36:00,0.466666667,0.582666,1.159386429,0.083238,0.083238,faucet
2020-07-23 13:46:00,2020-07-23 13:47:00,0.666666667,0.582666,0.873999,0.083238,0.041619,faucet
2020-07-23 13:47:00,2020-07-23 13:47:00,0.2,0.124857,0.624285,0.041619,0.041619,faucet
2020-07-23 14:45:00,2020-07-23 14:46:00,0.666666667,0.624285,0.9364275,0.041619,0.041619,faucet
2020-07-23 14:46:00,2020-07-23 14:46:00,0.6,0.624285,1.040475,0.083238,0.041619,faucet
2020-07-23 14:49:00,2020-07-23 14:50:00,0.933333333,2.164188,2.318772857,0.166476,0.166476,toilet
2020-07-23 16:05:00,2020-07-23 16:07:00,1.666666667,1.498284,0.8989704,0.041619,0.041619,faucet
2020-07-23 16:38:00,2020-07-23 16:38:00,0.266666667,0.249714,0.9364275,0.083238,0.041619,faucet
2020-07-23 16:42:00,2020-07-23 16:43:00,0.466666667,0.457809,0.981019286,0.041619,0.041619,faucet
2020-07-23 16:43:00,2020-07-23 16:44:00,0.933333333,1.040475,1.114794643,0.083238,0.041619,faucet
2020-07-23 16:57:00,2020-07-23 16:58:00,0.666666667,0.707523,1.0612845,0.041619,0.041619,faucet
2020-07-23 16:58:00,2020-07-23 16:59:00,0.933333333,2.164188,2.318772857,0.166476,0.166476,toilet
2020-07-23 17:15:00,2020-07-23 17:16:00,1.466666667,1.581522,1.078310455,0.041619,0.041619,faucet
2020-07-23 17:20:00,2020-07-23 17:21:00,0.533333333,0.457809,0.858391875,0.041619,0.041619,faucet
2020-07-23 17:21:00,2020-07-23 17:21:00,0.2,0.208095,1.040475,0.041619,0.041619,faucet
2020-07-23 17:22:00,2020-07-23 17:22:00,0.4,0.332952,0.83238,0.041619,0.041619,faucet
2020-07-23 17:23:00,2020-07-23 17:24:00,0.933333333,2.247426,2.407956429,0.166476,0.166476,toilet
2020-07-23 17:30:00,2020-07-23 17:31:00,1.266666667,3.579234,2.825711053,0.208095,0.166476,toilet
2020-07-23 17:32:00,2020-07-23 17:34:00,1.466666667,3.704091,2.525516591,0.166476,0.166476,toilet
2020-07-23 17:34:00,2020-07-23 17:35:00,0.933333333,2.164188,2.318772857,0.166476,0.166476,toilet
2020-07-23 18:40:00,2020-07-23 18:40:00,0.333333333,0.332952,0.998856,0.083238,0.041619,faucet
2020-07-23 18:46:00,2020-07-23 18:47:00,0.933333333,0.915618,0.981019286,0.083238,0.041619,faucet
2020-07-23 19:29:00,2020-07-23 19:30:00,1.266666667,3.579234,2.825711053,0.166476,0.166476,toilet
2020-07-23 19:31:00,2020-07-23 19:32:00,0.533333333,0.541047,1.014463125,0.083238,0.041619,faucet
2020-07-23 19:34:00,2020-07-23 19:34:00,0.2,0.124857,0.624285,0.041619,0.041619,faucet
2020-07-23 20:08:00,2020-07-23 20:10:00,1.2,3.74571,3.121425,0.249714,0.166476,toilet
2020-07-23 20:38:00,2020-07-23 20:39:00,1.2,3.537615,2.9480125,0.166476,0.166476,toilet
2020-07-23 21:17:00,2020-07-23 21:17:00,0.266666667,0.208095,0.78035625,0.041619,0.041619,faucet
2020-07-23 21:55:00,2020-07-23 21:57:00,1.266666667,3.704091,2.924282368,0.208095,0.208095,toilet
2020-07-23 21:57:00,2020-07-23 21:58:00,0.2,0.124857,0.624285,0.041619,0.041619,faucet
2020-07-23 21:58:00,2020-07-23 21:58:00,0.333333333,0.249714,0.749142,0.083238,0.041619,faucet
2020-07-23 22:16:00,2020-07-23 22:17:00,1.133333333,2.289045,2.019745588,0.166476,0.166476,toilet
2020-07-23 22:18:00,2020-07-23 22:20:00,1.2,3.454377,2.8786475,0.166476,0.166476,toilet
2020-07-23 22:48:00,2020-07-23 22:49:00,1,2.164188,2.164188,0.166476,0.166476,toilet
2020-07-24 00:15:00,2020-07-24 00:16:00,1,2.205807,2.205807,0.166476,0.166476,toilet
2020-07-24 03:44:00,2020-07-24 04:43:00,59.46666667,66.798495,0.624285,0.041619,0.041619,irrigation
2020-07-24 03:44:00,2020-07-24 03:45:00,0.8,2.205807,2.75725875,0.541047,0.541047,hose
2020-07-24 03:52:00,2020-07-24 03:53:00,1.066666667,0.915618,0.624285,0.041619,0.041619,faucet
2020-07-24 03:54:00,2020-07-24 03:54:00,0.4,0.291333,0.624285,0.041619,0.041619,faucet
2020-07-24 04:59:00,2020-07-24 07:20:00,141.2,3036.022812,21.50157799,2.330664,1.498284,irrigation
2020-07-24 07:33:00,2020-07-24 07:34:00,0.866666667,2.122569,2.449118077,0.166476,0.166476,toilet
2020-07-24 08:04:00,2020-07-24 08:05:00,1.266666667,3.454377,2.727139737,0.166476,0.166476,toilet
2020-07-24 08:11:00,2020-07-24 08:16:00,5.6,9.405894,1.679623929,0.124857,0.083238,shower
2020-07-24 08:27:00,2020-07-24 08:28:00,0.6,0.499428,0.83238,0.083238,0.041619,faucet
2020-07-24 08:33:00,2020-07-24 08:34:00,0.2,0.166476,0.83238,0.041619,0.041619,faucet
2020-07-24 09:09:00,2020-07-24 09:14:00,4.733333333,13.859127,2.927984577,0.208095,0.166476,clothwasher
2020-07-24 09:17:00,2020-07-24 09:36:00,18.86666667,36.375006,1.870649046,0.124857,0.124857,shower
2020-07-24 09:17:00,2020-07-24 09:18:00,0.8,1.24857,1.50868875,0.124857,0.124857,toilet
2020-07-24 09:17:00,2020-07-24 09:18:00,0.333333333,0.41619,1.24857,0.041619,0.041619,faucet
2020-07-24 09:22:00,2020-07-24 09:23:00,0.666666667,1.24857,1.5607125,0.124857,0.124857,toilet
2020-07-24 09:22:00,2020-07-24 09:22:00,0.2,0.166476,0.83238,0.041619,0.041619,faucet
2020-07-24 09:26:00,2020-07-24 09:26:00,0.466666667,0.749142,1.426937143,0.124857,0.124857,toilet
2020-07-24 09:26:00,2020-07-24 09:26:00,0.133333333,0.124857,0.9364275,0.041619,0.041619,faucet
2020-07-24 09:27:00,2020-07-24 09:27:00,0.266666667,0.457809,1.40464125,0.124857,0.124857,toilet
2020-07-24 09:30:00,2020-07-24 09:30:00,0.333333333,0.332952,0.624285,0.041619,0.041619,faucet
2020-07-24 10:42:00,2020-07-24 10:43:00,0.4,0.374571,0.9364275,0.041619,0.041619,faucet
2020-07-24 11:43:00,2020-07-24 11:48:00,4.4,12.985128,2.951165455,0.208095,0.166476,clothwasher
2020-07-24 11:56:00,2020-07-24 11:56:00,0.533333333,1.415046,2.65321125,0.166476,0.166476,toilet
2020-07-24 11:59:00,2020-07-24 12:00:00,0.933333333,3.038187,3.255200357,0.332952,0.166476,hose
2020-07-24 12:01:00,2020-07-24 12:01:00,0.266666667,0.457809,1.71678375,0.124857,0.083238,faucet
2020-07-24 12:39:00,2020-07-24 12:40:00,0.933333333,2.164188,2.318772857,0.166476,0.166476,toilet
2020-07-24 12:48:00,2020-07-24 12:49:00,0.6,0.541047,0.901745,0.041619,0.041619,faucet
2020-07-24 13:41:00,2020-07-24 13:42:00,0.933333333,0.998856,1.070202857,0.041619,0.041619,faucet
2020-07-24 13:56:00,2020-07-24 14:12:00,16,73.415916,4.58849475,0.332952,0.291333,hose
2020-07-24 14:20:00,2020-07-24 14:21:00,0.933333333,2.164188,2.318772857,0.166476,0.166476,toilet
2020-07-24 14:38:00,2020-07-24 14:39:00,0.466666667,0.499428,1.070202857,0.041619,0.041619,faucet
2020-07-24 14:48:00,2020-07-24 14:52:00,4.2,7.200087,1.714306429,0.083238,0.083238,shower
2020-07-24 15:00:00,2020-07-24 15:04:00,4.4,12.527319,2.506598864,0.166476,0.166476,clothwasher
2020-07-24 15:00:00,2020-07-24 15:00:00,0.266666667,0.374571,1.24857,0.083238,0.083238,faucet
2020-07-24 15:01:00,2020-07-24 15:01:00,0.333333333,0.249714,0.624285,0.041619,0.041619,faucet
2020-07-24 15:05:00,2020-07-24 15:06:00,1.266666667,3.579234,2.825711053,0.208095,0.208095,toilet
2020-07-24 15:12:00,2020-07-24 15:13:00,0.666666667,1.456665,2.1849975,0.166476,0.166476,toilet
2020-07-24 15:15:00,2020-07-24 15:16:00,0.466666667,0.957237,2.051222143,0.166476,0.166476,toilet
2020-07-24 15:17:00,2020-07-24 15:17:00,0.266666667,0.457809,1.71678375,0.124857,0.041619,faucet
2020-07-24 15:32:00,2020-07-24 15:39:00,7.4,23.847687,3.070807297,0.208095,0.208095,hose
2020-07-24 15:34:00,2020-07-24 15:35:00,1.8,4.619709,2.520261667,0.41619,0.41619,toilet
2020-07-24 15:34:00,2020-07-24 15:34:00,0.133333333,0.166476,0.624285,0.041619,0.041619,faucet
2020-07-24 15:38:00,2020-07-24 15:39:00,1,0.998856,0.624285,0.041619,0.041619,faucet
2020-07-24 15:49:00,2020-07-24 15:50:00,0.933333333,2.122569,2.274181071,0.166476,0.166476,toilet
2020-07-24 16:12:00,2020-07-24 16:13:00,1.2,3.495996,2.91333,0.208095,0.208095,toilet
2020-07-24 16:14:00,2020-07-24 16:15:00,1.266666667,3.704091,2.924282368,0.208095,0.208095,toilet
2020-07-24 16:23:00,2020-07-24 16:25:00,1.2,3.537615,2.9480125,0.166476,0.166476,toilet
2020-07-24 16:25:00,2020-07-24 16:25:00,0.533333333,0.541047,1.014463125,0.083238,0.041619,faucet
2020-07-24 16:26:00,2020-07-24 16:26:00,0.466666667,0.499428,1.070202857,0.083238,0.041619,faucet
2020-07-24 17:05:00,2020-07-24 17:11:00,5.933333333,12.90189,2.174475843,0.208095,0.124857,shower
2020-07-24 17:27:00,2020-07-24 17:28:00,0.933333333,2.08095,2.229589286,0.166476,0.166476,toilet
2020-07-24 17:56:00,2020-07-24 17:57:00,1.2,3.579234,2.982695,0.249714,0.208095,toilet
2020-07-24 17:59:00,2020-07-24 17:59:00,0.466666667,0.41619,0.891835714,0.041619,0.041619,faucet
2020-07-24 18:07:00,2020-07-24 18:07:00,0.2,0.124857,0.624285,0.041619,0.041619,faucet
2020-07-24 18:37:00,2020-07-24 18:45:00,8.2,27.551778,3.359972927,0.208095,0.208095,hose
2020-07-24 18:48:00,2020-07-24 18:49:00,1.4,1.498284,1.070202857,0.083238,0.041619,faucet
2020-07-24 18:49:00,2020-07-24 18:50:00,0.666666667,0.624285,0.9364275,0.041619,0.041619,faucet
2020-07-24 18:51:00,2020-07-24 18:51:00,0.2,0.166476,0.83238,0.041619,0.041619,faucet
2020-07-24 19:25:00,2020-07-24 19:27:00,2.066666667,1.831236,0.886081935,0.041619,0.041619,faucet
2020-07-24 19:29:00,2020-07-24 19:29:00,0.266666667,0.166476,0.624285,0.041619,0.041619,faucet
2020-07-24 19:31:00,2020-07-24 19:31:00,0.2,0.166476,0.83238,0.041619,0.041619,faucet
2020-07-24 19:39:00,2020-07-24 19:40:00,0.933333333,2.164188,2.318772857,0.166476,0.166476,toilet
2020-07-24 20:26:00,2020-07-24 20:27:00,1,2.164188,2.164188,0.166476,0.124857,toilet
2020-07-24 20:42:00,2020-07-24 20:44:00,1.333333333,3.537615,2.65321125,0.166476,0.166476,toilet
2020-07-24 20:48:00,2020-07-24 20:50:00,1.533333333,3.704091,2.415711522,0.166476,0.166476,toilet
2020-07-24 20:56:00,2020-07-24 20:57:00,0.6,0.582666,0.97111,0.041619,0.041619,faucet
2020-07-24 22:14:00,2020-07-24 22:15:00,1.2,3.579234,2.982695,0.208095,0.208095,toilet
2020-07-24 22:15:00,2020-07-24 22:16:00,0.733333333,0.83238,1.135063636,0.041619,0.041619,faucet
2020-07-24 23:02:00,2020-07-24 23:03:00,1.266666667,3.579234,2.825711053,0.208095,0.166476,toilet
2020-07-24 23:05:00,2020-07-24 23:06:00,0.333333333,0.249714,0.749142,0.041619,0.041619,faucet
2020-07-24 23:43:00,2020-07-24 23:44:00,1.266666667,3.579234,2.825711053,0.208095,0.166476,toilet
2020-07-25 00:15:00,2020-07-25 00:16:00,1,2.164188,2.164188,0.166476,0.166476,toilet
2020-07-25 03:44:00,2020-07-25 04:43:00,59.46666667,69.753444,1.172983924,0.582666,0.041619,irrigation
2020-07-25 08:48:00,2020-07-25 08:51:00,3.533333333,2.996568,0.848085283,0.041619,0.041619,faucet
2020-07-25 08:52:00,2020-07-25 08:52:00,0.466666667,0.457809,0.981019286,0.041619,0.041619,faucet
2020-07-25 09:38:00,2020-07-25 09:40:00,1.266666667,3.953805,3.121425,0.249714,0.208095,toilet
2020-07-25 09:49:00,2020-07-25 09:49:00,0.2,0.166476,0.83238,0.041619,0.041619,faucet
2020-07-25 10:18:00,2020-07-25 10:18:00,0.2,0.124857,0.624285,0.041619,0.041619,faucet
2020-07-25 10:30:00,2020-07-25 10:31:00,1.2,3.662472,3.05206,0.208095,0.208095,toilet
2020-07-25 10:33:00,2020-07-25 10:34:00,0.333333333,0.249714,0.749142,0.041619,0.041619,faucet
2020-07-25 10:36:00,2020-07-25 10:37:00,0.466666667,0.374571,0.802652143,0.083238,0.041619,faucet
2020-07-25 10:38:00,2020-07-25 10:39:00,0.933333333,2.164188,2.318772857,0.166476,0.166476,toilet
2020-07-25 10:57:00,2020-07-25 10:57:00,0.266666667,0.374571,1.40464125,0.083238,0.041619,faucet
2020-07-25 10:58:00,2020-07-25 10:59:00,0.466666667,2.330664,4.99428,0.41619,0.332952,toilet
2020-07-25 11:00:00,2020-07-25 11:04:00,4.4,13.026747,2.960624318,0.249714,0.166476,clothwasher
2020-07-25 11:12:00,2020-07-25 11:13:00,0.533333333,1.415046,2.65321125,0.166476,0.124857,toilet
2020-07-25 11:16:00,2020-07-25 11:16:00,0.4,0.957237,2.3930925,0.166476,0.124857,toilet
2020-07-25 11:17:00,2020-07-25 11:18:00,0.266666667,0.499428,1.872855,0.124857,0.124857,toilet
2020-07-25 11:19:00,2020-07-25 11:20:00,1.733333333,3.953805,2.281041346,0.208095,0.208095,toilet
2020-07-25 11:42:00,2020-07-25 11:42:00,0.2,0.124857,0.624285,0.041619,0.041619,faucet
2020-07-25 12:27:00,2020-07-25 12:27:00,0.266666667,0.208095,0.78035625,0.041619,0.041619,faucet
2020-07-25 13:02:00,2020-07-25 13:03:00,0.933333333,2.289045,2.452548214,0.166476,0.166476,toilet
2020-07-25 14:54:00,2020-07-25 14:54:00,0.4,0.790761,1.9769025,0.124857,0.124857,toilet
2020-07-25 15:03:00,2020-07-25 15:04:00,1.533333333,3.620853,2.36142587,0.124857,0.124857,toilet
2020-07-25 15:35:00,2020-07-25 15:36:00,0.6,0.582666,0.97111,0.041619,0.041619,faucet
2020-07-25 15:48:00,2020-07-25 15:58:00,9.866666667,20.851119,2.113289088,0.124857,0.124857,shower
2020-07-25 16:30:00,2020-07-25 16:34:00,4.266666667,12.111129,2.838545859,0.208095,0.166476,clothwasher
2020-07-25 16:38:00,2020-07-25 16:59:00,20.93333333,39.205098,1.854961481,0.124857,0.124857,shower
2020-07-25 16:38:00,2020-07-25 16:38:00,0.066666667,0.124857,1.872855,0.041619,0.041619,faucet
2020-07-25 16:40:00,2020-07-25 16:41:00,0.933333333,1.914474,2.051222143,0.124857,0.124857,toilet
2020-07-25 16:42:00,2020-07-25 16:46:00,4.466666667,8.948085,1.966031866,0.208095,0.208095,hose
2020-07-25 16:42:00,2020-07-25 16:43:00,0.4,0.499428,1.24857,0.041619,0.041619,faucet
2020-07-25 16:46:00,2020-07-25 16:46:00,0.133333333,0.124857,0.9364275,0.041619,0.041619,faucet
2020-07-25 16:47:00,2020-07-25 16:47:00,0.266666667,0.457809,1.5607125,0.124857,0.124857,toilet
2020-07-25 16:57:00,2020-07-25 16:59:00,1.466666667,1.747998,0.624285,0.041619,0.041619,faucet
2020-07-25 17:03:00,2020-07-25 17:08:00,5,14.275317,2.8550634,0.208095,0.166476,clothwasher
2020-07-25 18:16:00,2020-07-25 18:17:00,1.4,4.245138,3.032241429,0.249714,0.208095,toilet
2020-07-25 18:18:00,2020-07-25 18:19:00,0.866666667,2.164188,2.49714,0.166476,0.166476,toilet
2020-07-25 19:16:00,2020-07-25 19:17:00,1,2.164188,2.164188,0.166476,0.166476,toilet
2020-07-25 19:59:00,2020-07-25 20:00:00,0.933333333,2.122569,2.274181071,0.166476,0.166476,toilet
2020-07-25 21:01:00,2020-07-25 21:03:00,1.2,3.620853,3.0173775,0.249714,0.208095,toilet
2020-07-25 21:05:00,2020-07-25 21:05:00,0.2,0.124857,0.624285,0.041619,0.041619,faucet
2020-07-25 22:05:00,2020-07-25 22:10:00,5.066666667,8.365419,1.651069539,0.083238,0.083238,shower
2020-07-25 22:19:00,2020-07-25 22:20:00,0.6,0.790761,1.317935,0.083238,0.041619,faucet
2020-07-25 22:20:00,2020-07-25 22:21:00,0.4,2.330664,5.82666,0.374571,0.374571,toilet
2020-07-25 22:22:00,2020-07-25 22:22:00,0.4,0.41619,1.040475,0.083238,0.041619,faucet
2020-07-25 22:32:00,2020-07-25 22:32:00,0.733333333,0.541047,0.737791364,0.041619,0.041619,faucet
2020-07-25 22:33:00,2020-07-25 22:34:00,1.266666667,3.620853,2.858568158,0.208095,0.208095,toilet
2020-07-26 00:21:00,2020-07-26 00:22:00,0.933333333,2.164188,2.318772857,0.166476,0.166476,toilet
2020-07-26 03:44:00,2020-07-26 04:44:00,59.66666667,69.878301,1.171144709,0.582666,0.041619,irrigation
2020-07-26 04:59:00,2020-07-26 07:20:00,141.0666667,3018.459594,21.39739788,2.247426,1.498284,irrigation
2020-07-26 09:50:00,2020-07-26 09:51:00,1.333333333,3.953805,2.96535375,0.208095,0.208095,toilet
2020-07-26 12:03:00,2020-07-26 12:09:00,5.666666667,9.405894,1.659863647,0.124857,0.083238,shower
2020-07-26 12:25:00,2020-07-26 12:25:00,0.6,0.499428,0.83238,0.041619,0.041619,faucet
2020-07-26 12:26:00,2020-07-26 12:26:00,0.266666667,0.208095,0.78035625,0.041619,0.041619,faucet
2020-07-26 12:26:00,2020-07-26 12:27:00,1.066666667,0.998856,0.9364275,0.041619,0.041619,faucet
2020-07-26 12:32:00,2020-07-26 12:36:00,4.6,13.401318,2.91333,0.208095,0.166476,clothwasher
2020-07-26 12:44:00,2020-07-26 12:45:00,0.533333333,1.373427,2.575175625,0.166476,0.166476,toilet
2020-07-26 12:45:00,2020-07-26 12:46:00,0.933333333,2.164188,2.318772857,0.166476,0.166476,toilet
2020-07-26 12:47:00,2020-07-26 12:47:00,0.4,2.289045,5.7226125,0.41619,0.291333,toilet
2020-07-26 12:48:00,2020-07-26 12:48:00,0.466666667,0.957237,2.051222143,0.166476,0.041619,faucet
2020-07-26 12:49:00,2020-07-26 12:49:00,0.266666667,0.457809,1.71678375,0.083238,0.041619,faucet
2020-07-26 13:00:00,2020-07-26 13:01:00,0.866666667,0.83238,0.960438462,0.041619,0.041619,faucet
2020-07-26 13:41:00,2020-07-26 13:42:00,0.466666667,2.413902,5.172647143,0.41619,0.374571,toilet
2020-07-26 13:56:00,2020-07-26 14:03:00,6.4,23.473116,3.667674375,0.249714,0.249714,hose
2020-07-26 14:16:00,2020-07-26 14:17:00,1.2,3.412758,2.843965,0.208095,0.166476,toilet
2020-07-26 14:52:00,2020-07-26 14:53:00,0.466666667,0.457809,0.981019286,0.041619,0.041619,faucet
2020-07-26 14:57:00,2020-07-26 14:57:00,0.533333333,0.457809,0.858391875,0.083238,0.041619,faucet
2020-07-26 14:57:00,2020-07-26 14:58:00,0.266666667,0.166476,0.624285,0.041619,0.041619,faucet
2020-07-26 15:06:00,2020-07-26 15:06:00,0.2,0.124857,0.624285,0.041619,0.041619,faucet
2020-07-26 16:11:00,2020-07-26 16:25:00,13.8,36.125292,2.617774783,0.208095,0.124857,shower
2020-07-26 16:27:00,2020-07-26 16:28:00,1.266666667,3.412758,2.694282632,0.166476,0.166476,toilet
2020-07-26 16:32:00,2020-07-26 16:32:00,0.2,0.124857,0.624285,0.041619,0.041619,faucet
2020-07-26 16:58:00,2020-07-26 16:59:00,1.2,3.579234,2.982695,0.166476,0.166476,toilet
2020-07-26 17:05:00,2020-07-26 17:05:00,0.266666667,0.208095,0.78035625,0.041619,0.041619,faucet
2020-07-26 17:16:00,2020-07-26 17:16:00,0.266666667,0.249714,0.9364275,0.083238,0.041619,faucet
2020-07-26 17:21:00,2020-07-26 17:21:00,0.8,0.749142,0.9364275,0.041619,0.041619,faucet
2020-07-26 17:23:00,2020-07-26 17:23:00,0.266666667,0.166476,0.624285,0.041619,0.041619,faucet
2020-07-26 17:25:00,2020-07-26 17:26:00,0.466666667,0.41619,0.891835714,0.041619,0.041619,faucet
2020-07-26 17:30:00,2020-07-26 17:30:00,0.733333333,0.707523,0.964804091,0.041619,0.041619,faucet
2020-07-26 17:38:00,2020-07-26 17:38:00,0.4,0.332952,0.83238,0.041619,0.041619,faucet
2020-07-26 17:40:00,2020-07-26 17:40:00,0.266666667,0.208095,0.78035625,0.041619,0.041619,faucet
2020-07-26 17:42:00,2020-07-26 17:43:00,0.666666667,0.665904,0.998856,0.041619,0.041619,faucet
2020-07-26 17:46:00,2020-07-26 17:46:00,0.6,0.665904,1.10984,0.083238,0.041619,faucet
2020-07-26 17:46:00,2020-07-26 17:47:00,0.2,0.124857,0.624285,0.041619,0.041619,faucet
2020-07-26 17:48:00,2020-07-26 17:48:00,0.2,0.208095,1.040475,0.083238,0.041619,faucet
2020-07-26 17:49:00,2020-07-26 17:50:00,1.6,1.456665,0.910415625,0.041619,0.041619,faucet
2020-07-26 17:56:00,2020-07-26 17:58:00,1.8,1.831236,1.017353333,0.041619,0.041619,faucet
2020-07-26 17:58:00,2020-07-26 17:58:00,0.2,0.166476,0.83238,0.041619,0.041619,faucet
2020-07-26 17:59:00,2020-07-26 17:59:00,0.2,0.166476,0.83238,0.083238,0.041619,faucet
2020-07-26 18:00:00,2020-07-26 18:00:00,0.466666667,0.457809,0.981019286,0.083238,0.041619,faucet
2020-07-26 18:01:00,2020-07-26 18:02:00,0.2,0.166476,0.83238,0.083238,0.041619,faucet
2020-07-26 18:02:00,2020-07-26 18:02:00,0.266666667,0.208095,0.78035625,0.041619,0.041619,faucet
2020-07-26 18:03:00,2020-07-26 18:03:00,0.266666667,0.249714,0.9364275,0.083238,0.041619,faucet
2020-07-26 18:03:00,2020-07-26 18:04:00,0.533333333,0.499428,0.9364275,0.041619,0.041619,faucet
2020-07-26 18:04:00,2020-07-26 18:04:00,0.2,0.291333,1.456665,0.083238,0.041619,faucet
2020-07-26 18:04:00,2020-07-26 18:05:00,0.333333333,0.291333,0.873999,0.041619,0.041619,faucet
2020-07-26 18:09:00,2020-07-26 18:09:00,0.4,0.374571,0.9364275,0.041619,0.041619,faucet
2020-07-26 18:10:00,2020-07-26 18:10:00,0.2,0.124857,0.624285,0.041619,0.041619,faucet
2020-07-26 18:12:00,2020-07-26 18:13:00,1.2,3.662472,3.05206,0.208095,0.208095,toilet
2020-07-26 18:40:00,2020-07-26 18:40:00,0.2,0.166476,0.83238,0.041619,0.041619,faucet
2020-07-26 18:47:00,2020-07-26 18:48:00,0.933333333,2.164188,2.318772857,0.166476,0.166476,toilet
2020-07-26 19:06:00,2020-07-26 19:07:00,0.866666667,2.08095,2.401096154,0.166476,0.166476,toilet
2020-07-26 19:10:00,2020-07-26 19:11:00,1,2.164188,2.164188,0.166476,0.124857,toilet
2020-07-26 19:32:00,2020-07-26 19:33:00,0.466666667,0.374571,0.802652143,0.041619,0.041619,faucet
2020-07-26 19:38:00,2020-07-26 19:39:00,0.866666667,0.915618,1.056482308,0.083238,0.041619,faucet
2020-07-26 19:43:00,2020-07-26 19:44:00,0.2,0.166476,0.83238,0.041619,0.041619,faucet
2020-07-26 19:45:00,2020-07-26 19:46:00,0.533333333,0.541047,1.014463125,0.041619,0.041619,faucet
2020-07-26 20:06:00,2020-07-26 20:07:00,0.8,0.873999,1.09249875,0.041619,0.041619,faucet
2020-07-26 20:15:00,2020-07-26 20:16:00,1.2,3.620853,3.0173775,0.208095,0.208095,toilet
2020-07-26 21:22:00,2020-07-26 21:23:00,0.6,0.582666,0.97111,0.041619,0.041619,faucet
2020-07-26 21:33:00,2020-07-26 21:33:00,0.2,0.124857,0.624285,0.041619,0.041619,faucet
2020-07-26 21:56:00,2020-07-26 21:57:00,0.466666667,0.332952,0.713468571,0.041619,0.041619,faucet
2020-07-26 21:58:00,2020-07-26 21:58:00,0.666666667,3.121425,4.6821375,0.499428,0.457809,toilet
2020-07-26 22:00:00,2020-07-26 22:00:00,0.466666667,2.455521,5.261830714,0.41619,0.374571,toilet
2020-07-26 22:07:00,2020-07-26 22:08:00,0.933333333,2.122569,2.274181071,0.166476,0.166476,toilet
2020-07-26 23:03:00,2020-07-26 23:04:00,1.2,3.537615,2.9480125,0.166476,0.166476,toilet
2020-07-26 23:04:00,2020-07-26 23:05:00,0.866666667,0.790761,0.912416538,0.041619,0.041619,faucet
2020-07-26 23:11:00,2020-07-26 23:11:00,0.2,0.124857,0.624285,0.041619,0.041619,faucet
2020-07-26 23:14:00,2020-07-26 23:15:00,1.266666667,3.579234,2.825711053,0.208095,0.166476,toilet
2020-07-27 00:56:00,2020-07-27 00:57:00,1,2.164188,2.164188,0.166476,0.166476,toilet
2020-07-27 03:44:00,2020-07-27 04:44:00,59.46666667,66.964971,0.624285,0.041619,0.041619,irrigation
2020-07-27 03:44:00,2020-07-27 03:45:00,0.6,2.08095,2.49714,0.541047,0.541047,hose
2020-07-27 03:52:00,2020-07-27 03:53:00,1.466666667,1.24857,0.624285,0.041619,0.041619,faucet
2020-07-27 07:15:00,2020-07-27 07:24:00,9.4,15.648744,1.66476,0.083238,0.083238,shower
2020-07-27 07:25:00,2020-07-27 07:27:00,1.333333333,3.454377,2.59078275,0.166476,0.166476,toilet
2020-07-27 07:56:00,2020-07-27 07:58:00,2.266666667,2.247426,0.991511471,0.041619,0.041619,faucet
2020-07-27 08:58:00,2020-07-27 08:59:00,0.333333333,0.291333,0.873999,0.041619,0.041619,faucet
2020-07-27 09:11:00,2020-07-27 09:13:00,1.266666667,3.787329,2.989996579,0.249714,0.166476,toilet
2020-07-27 09:29:00,2020-07-27 09:30:00,1.2,3.579234,2.982695,0.208095,0.166476,toilet
2020-07-27 09:37:00,2020-07-27 09:41:00,4.4,13.359699,3.036295227,0.249714,0.166476,clothwasher
2020-07-27 09:42:00,2020-07-27 09:50:00,8,25.429209,3.038187,0.208095,0.208095,hose
2020-07-27 09:42:00,2020-07-27 09:45:00,2.933333333,4.952661,1.674218864,0.41619,0.41619,toilet
2020-07-27 09:44:00,2020-07-27 09:44:00,0.133333333,0.166476,0.624285,0.041619,0.041619,faucet
2020-07-27 09:53:00,2020-07-27 09:53:00,0.4,0.915618,2.289045,0.166476,0.124857,toilet
2020-07-27 09:54:00,2020-07-27 09:55:00,0.266666667,0.457809,1.71678375,0.124857,0.083238,faucet
2020-07-27 10:12:00,2020-07-27 10:14:00,1.266666667,3.495996,2.759996842,0.166476,0.166476,toilet
2020-07-27 10:28:00,2020-07-27 10:32:00,4.333333333,11.903034,2.468326846,0.166476,0.166476,clothwasher
2020-07-27 10:28:00,2020-07-27 10:28:00,0.2,0.374571,1.872855,0.041619,0.041619,faucet
2020-07-27 10:29:00,2020-07-27 10:30:00,1.466666667,2.164188,1.390452955,0.124857,0.124857,toilet
2020-07-27 10:29:00,2020-07-27 10:29:00,0.533333333,0.457809,0.624285,0.041619,0.041619,faucet
2020-07-27 10:39:00,2020-07-27 10:40:00,1,2.164188,2.164188,0.166476,0.166476,toilet
2020-07-27 10:40:00,2020-07-27 10:41:00,0.666666667,1.456665,2.1849975,0.166476,0.166476,toilet
2020-07-27 10:44:00,2020-07-27 10:44:00,0.4,0.915618,2.289045,0.166476,0.124857,toilet
2020-07-27 10:45:00,2020-07-27 10:45:00,0.266666667,0.499428,1.872855,0.124857,0.041619,faucet
2020-07-27 10:49:00,2020-07-27 10:50:00,0.6,0.665904,1.10984,0.083238,0.041619,faucet
2020-07-27 11:08:00,2020-07-27 11:08:00,0.533333333,0.499428,0.9364275,0.041619,0.041619,faucet
2020-07-27 11:08:00,2020-07-27 11:09:00,0.6,0.541047,0.901745,0.041619,0.041619,faucet
2020-07-27 11:22:00,2020-07-27 11:23:00,1,2.164188,2.164188,0.166476,0.166476,toilet
2020-07-27 11:25:00,2020-07-27 11:27:00,1.6,4.078662,2.54916375,0.208095,0.208095,toilet
2020-07-27 11:40:00,2020-07-27 11:40:00,0.333333333,0.332952,0.998856,0.041619,0.041619,faucet
2020-07-27 11:45:00,2020-07-27 11:47:00,1.466666667,1.623141,1.106687045,0.041619,0.041619,faucet
2020-07-27 11:47:00,2020-07-27 11:47:00,0.266666667,0.208095,0.78035625,0.041619,0.041619,faucet
2020-07-27 11:47:00,2020-07-27 11:48:00,0.133333333,0.124857,0.9364275,0.041619,0.041619,faucet
2020-07-27 11:58:00,2020-07-27 11:59:00,0.266666667,0.208095,0.78035625,0.041619,0.041619,faucet
2020-07-27 12:18:00,2020-07-27 12:18:00,0.333333333,0.499428,1.498284,0.083238,0.083238,faucet
2020-07-27 12:40:00,2020-07-27 12:46:00,5.4,14.733126,2.481725556,0.166476,0.166476,clothwasher
2020-07-27 12:40:00,2020-07-27 12:41:00,0.4,0.541047,1.1445225,0.083238,0.083238,faucet
2020-07-27 12:43:00,2020-07-27 12:44:00,0.666666667,0.83238,1.0612845,0.083238,0.083238,faucet
2020-07-27 12:45:00,2020-07-27 12:46:00,1.133333333,0.998856,0.881343529,0.124857,0.124857,toilet
2020-07-27 12:53:00,2020-07-27 12:53:00,0.533333333,1.415046,2.65321125,0.166476,0.166476,toilet
2020-07-27 12:56:00,2020-07-27 12:57:00,0.466666667,0.957237,2.051222143,0.166476,0.124857,toilet
2020-07-27 12:58:00,2020-07-27 12:58:00,0.333333333,0.541047,1.623141,0.124857,0.083238,faucet
2020-07-27 13:00:00,2020-07-27 13:00:00,0.2,0.166476,0.83238,0.041619,0.041619,faucet
2020-07-27 13:08:00,2020-07-27 13:09:00,1.4,1.581522,1.129658571,0.083238,0.041619,faucet
2020-07-27 13:09:00,2020-07-27 13:10:00,0.733333333,0.624285,0.851297727,0.041619,0.041619,faucet
2020-07-27 13:20:00,2020-07-27 13:21:00,1,2.122569,2.122569,0.166476,0.166476,toilet
2020-07-27 13:25:00,2020-07-27 13:26:00,0.866666667,2.122569,2.449118077,0.166476,0.166476,toilet
2020-07-27 13:27:00,2020-07-27 13:27:00,0.466666667,0.457809,0.981019286,0.041619,0.041619,faucet
2020-07-27 13:28:00,2020-07-27 13:29:00,0.2,0.707523,3.537615,0.249714,0.041619,hose
2020-07-27 13:29:00,2020-07-27 13:29:00,0.2,0.83238,4.1619,0.249714,0.124857,toilet
2020-07-27 13:30:00,2020-07-27 13:30:00,0.2,0.624285,3.121425,0.166476,0.166476,toilet
2020-07-27 13:32:00,2020-07-27 13:33:00,1.066666667,2.247426,2.106961875,0.166476,0.124857,toilet
2020-07-27 13:34:00,2020-07-27 13:35:00,0.466666667,0.499428,1.070202857,0.083238,0.041619,faucet
2020-07-27 13:49:00,2020-07-27 13:50:00,0.2,0.124857,0.624285,0.041619,0.041619,faucet
2020-07-27 13:50:00,2020-07-27 13:50:00,0.266666667,0.249714,0.9364275,0.041619,0.041619,faucet
2020-07-27 14:07:00,2020-07-27 14:07:00,0.4,0.374571,0.9364275,0.041619,0.041619,faucet
2020-07-27 14:10:00,2020-07-27 14:10:00,0.266666667,0.249714,0.9364275,0.041619,0.041619,faucet
2020-07-27 14:19:00,2020-07-27 14:19:00,0.266666667,0.208095,0.78035625,0.041619,0.041619,faucet
2020-07-27 14:25:00,2020-07-27 14:25:00,0.333333333,0.208095,0.624285,0.041619,0.041619,faucet
2020-07-27 14:25:00,2020-07-27 14:26:00,0.933333333,2.164188,2.318772857,0.166476,0.166476,toilet
2020-07-27 14:27:00,2020-07-27 14:28:00,1,2.205807,2.205807,0.166476,0.166476,toilet
2020-07-27 14:28:00,2020-07-27 14:28:00,0.333333333,0.41619,1.24857,0.083238,0.041619,faucet
2020-07-27 14:29:00,2020-07-27 14:30:00,0.933333333,2.164188,2.318772857,0.166476,0.166476,toilet
2020-07-27 14:30:00,2020-07-27 14:30:00,0.266666667,0.707523,2.65321125,0.208095,0.041619,faucet
2020-07-27 14:31:00,2020-07-27 14:31:00,0.4,2.372283,5.9307075,0.41619,0.41619,toilet
2020-07-27 14:31:00,2020-07-27 14:32:00,0.466666667,2.705235,5.796932143,0.41619,0.332952,toilet
2020-07-27 14:32:00,2020-07-27 14:33:00,1.333333333,5.785041,4.33878075,0.541047,0.208095,toilet
2020-07-27 14:34:00,2020-07-27 14:34:00,0.4,1.290189,3.2254725,0.249714,0.249714,toilet
2020-07-27 14:34:00,2020-07-27 14:35:00,1.4,3.287901,2.318772857,0.166476,0.166476,toilet
2020-07-27 14:34:00,2020-07-27 14:35:00,0.333333333,0.291333,0.624285,0.041619,0.041619,faucet
2020-07-27 14:35:00,2020-07-27 14:36:00,0.4,2.205807,5.5145175,0.41619,0.124857,toilet
2020-07-27 14:36:00,2020-07-27 14:37:00,0.533333333,1.040475,1.950890625,0.124857,0.124857,toilet
2020-07-27 14:37:00,2020-07-27 14:38:00,0.466666667,2.580378,5.529381429,0.41619,0.374571,toilet
2020-07-27 14:38:00,2020-07-27 14:40:00,2.066666667,4.453233,2.154790161,0.124857,0.124857,toilet
2020-07-27 14:41:00,2020-07-27 14:43:00,2.333333333,4.536471,1.944201857,0.124857,0.124857,toilet
2020-07-27 14:44:00,2020-07-27 14:45:00,1,2.164188,2.164188,0.166476,0.166476,toilet
2020-07-27 14:45:00,2020-07-27 14:46:00,1,2.205807,2.205807,0.166476,0.166476,toilet
2020-07-27 14:46:00,2020-07-27 14:47:00,0.933333333,2.164188,2.318772857,0.166476,0.166476,toilet
2020-07-27 14:48:00,2020-07-27 14:49:00,0.933333333,2.164188,2.318772857,0.166476,0.166476,toilet
2020-07-27 14:49:00,2020-07-27 14:50:00,0.933333333,2.164188,2.318772857,0.166476,0.124857,toilet
2020-07-27 14:51:00,2020-07-27 14:51:00,0.466666667,2.330664,4.99428,0.41619,0.374571,toilet
2020-07-27 14:52:00,2020-07-27 14:52:00,0.4,2.289045,5.7226125,0.41619,0.374571,toilet
2020-07-27 14:53:00,2020-07-27 14:53:00,0.533333333,2.455521,4.604101875,0.41619,0.41619,toilet
2020-07-27 14:54:00,2020-07-27 14:54:00,0.4,2.330664,5.82666,0.374571,0.374571,toilet
2020-07-27 14:55:00,2020-07-27 14:55:00,0.4,0.332952,0.83238,0.083238,0.041619,faucet
2020-07-27 14:58:00,2020-07-27 14:58:00,0.6,0.541047,0.901745,0.041619,0.041619,faucet
2020-07-27 14:59:00,2020-07-27 14:59:00,0.266666667,0.249714,0.9364275,0.083238,0.041619,faucet
2020-07-27 15:01:00,2020-07-27 15:02:00,1.2,3.704091,3.0867425,0.208095,0.166476,toilet
2020-07-27 15:27:00,2020-07-27 15:27:00,0.2,0.249714,1.24857,0.083238,0.041619,faucet
2020-07-27 15:29:00,2020-07-27 15:37:00,7.533333333,12.111129,1.24857,0.083238,0.083238,shower
2020-07-27 15:29:00,2020-07-27 15:29:00,0.2,0.249714,1.24857,0.041619,0.041619,faucet
2020-07-27 15:31:00,2020-07-27 15:32:00,0.8,2.830092,3.48559125,0.457809,0.457809,toilet
2020-07-27 16:26:00,2020-07-27 16:26:00,0.266666667,0.208095,0.78035625,0.041619,0.041619,faucet
2020-07-27 16:50:00,2020-07-27 16:50:00,0.2,0.124857,0.624285,0.041619,0.041619,faucet
2020-07-27 17:06:00,2020-07-27 17:06:00,0.2,0.124857,0.624285,0.041619,0.041619,faucet
2020-07-27 17:12:00,2020-07-27 17:12:00,0.2,0.124857,0.624285,0.041619,0.041619,faucet
2020-07-27 17:26:00,2020-07-27 17:32:00,6.866666667,14.774745,2.151661893,0.166476,0.124857,clothwasher
2020-07-27 18:29:00,2020-07-27 18:30:00,1.266666667,3.412758,2.694282632,0.166476,0.166476,toilet
2020-07-27 18:37:00,2020-07-27 18:39:00,1.2,3.495996,2.91333,0.208095,0.166476,toilet
2020-07-27 19:15:00,2020-07-27 19:17:00,1.266666667,3.412758,2.694282632,0.166476,0.166476,toilet
2020-07-27 19:57:00,2020-07-27 19:57:00,0.466666667,2.705235,5.796932143,0.457809,0.41619,toilet
2020-07-27 20:00:00,2020-07-27 20:00:00,0.466666667,2.746854,5.886115714,0.499428,0.291333,toilet
2020-07-27 20:03:00,2020-07-27 20:04:00,0.866666667,2.164188,2.401096154,0.166476,0.166476,toilet
2020-07-27 20:03:00,2020-07-27 20:03:00,0.266666667,0.332952,1.09249875,0.083238,0.083238,faucet
2020-07-27 20:50:00,2020-07-27 20:51:00,0.666666667,0.457809,0.6867135,0.041619,0.041619,faucet
2020-07-27 20:56:00,2020-07-27 20:58:00,1.4,5.701803,4.072716429,0.332952,0.332952,toilet
2020-07-27 21:23:00,2020-07-27 21:40:00,16.26666667,30.964536,1.903557541,0.166476,0.124857,shower
2020-07-27 21:40:00,2020-07-27 21:41:00,1,2.205807,2.205807,0.166476,0.166476,toilet
2020-07-27 23:03:00,2020-07-27 23:04:00,1.2,3.412758,2.843965,0.166476,0.166476,toilet
2020-07-27 23:05:00,2020-07-27 23:05:00,0.266666667,0.208095,0.78035625,0.083238,0.041619,faucet
2020-07-27 23:05:00,2020-07-27 23:05:00,0.2,0.124857,0.624285,0.041619,0.041619,faucet
2020-07-27 23:06:00,2020-07-27 23:06:00,0.266666667,0.166476,0.624285,0.041619,0.041619,faucet
2020-07-27 23:07:00,2020-07-27 23:09:00,1.2,3.495996,2.91333,0.208095,0.166476,toilet
2020-07-28 03:44:00,2020-07-28 04:44:00,59.6,70.211253,1.178041158,0.541047,0.041619,irrigation
2020-07-28 04:59:00,2020-07-28 07:21:00,141.1333333,2996.900952,21.23453674,2.289045,1.498284,irrigation
2020-07-28 07:55:00,2020-07-28 07:56:00,0.8,0.873999,1.09249875,0.041619,0.041619,faucet
2020-07-28 07:58:00,2020-07-28 07:59:00,1,2.205807,2.205807,0.166476,0.166476,toilet
2020-07-28 08:04:00,2020-07-28 08:04:00,0.466666667,0.332952,0.713468571,0.041619,0.041619,faucet
2020-07-28 08:06:00,2020-07-28 08:06:00,0.133333333,0.124857,0.9364275,0.041619,0.041619,faucet
2020-07-28 08:08:00,2020-07-28 08:08:00,0.2,0.166476,0.83238,0.041619,0.041619,faucet
2020-07-28 08:14:00,2020-07-28 08:15:00,1.2,4.078662,3.398885,0.208095,0.208095,toilet
2020-07-28 08:25:00,2020-07-28 08:26:00,0.533333333,0.457809,0.858391875,0.041619,0.041619,faucet
2020-07-28 08:26:00,2020-07-28 08:26:00,0.133333333,0.124857,0.9364275,0.083238,0.041619,faucet
2020-07-28 08:40:00,2020-07-28 08:40:00,0.133333333,0.124857,0.9364275,0.083238,0.041619,faucet
2020-07-28 08:41:00,2020-07-28 08:42:00,0.533333333,0.582666,1.09249875,0.041619,0.041619,faucet
2020-07-28 08:49:00,2020-07-28 08:50:00,0.266666667,0.208095,0.78035625,0.041619,0.041619,faucet
2020-07-28 08:50:00,2020-07-28 08:50:00,0.2,0.124857,0.624285,0.041619,0.041619,faucet
2020-07-28 08:52:00,2020-07-28 08:55:00,2.533333333,2.621997,1.034998816,0.041619,0.041619,faucet
2020-07-28 08:55:00,2020-07-28 08:56:00,0.2,0.166476,0.83238,0.041619,0.041619,faucet
2020-07-28 08:57:00,2020-07-28 08:59:00,1.466666667,2.705235,1.844478409,0.166476,0.041619,faucet
2020-07-28 09:01:00,2020-07-28 09:11:00,9.666666667,16.564362,1.71355469,0.124857,0.083238,shower
2020-07-28 09:12:00,2020-07-28 09:12:00,0.333333333,0.332952,0.998856,0.041619,0.041619,faucet
2020-07-28 09:15:00,2020-07-28 09:15:00,0.266666667,0.208095,0.78035625,0.041619,0.041619,faucet
2020-07-28 09:18:00,2020-07-28 09:19:00,0.266666667,0.166476,0.624285,0.041619,0.041619,faucet
2020-07-28 09:20:00,2020-07-28 09:20:00,0.2,0.166476,0.83238,0.041619,0.041619,faucet
2020-07-28 09:22:00,2020-07-28 09:28:00,5.4,14.400174,2.504847222,0.166476,0.166476,clothwasher
2020-07-28 09:22:00,2020-07-28 09:22:00,0.333333333,0.499428,1.498284,0.041619,0.041619,faucet
2020-07-28 09:23:00,2020-07-28 09:23:00,0.4,0.332952,0.83238,0.041619,0.041619,faucet
2020-07-28 09:25:00,2020-07-28 09:27:00,2.466666667,3.912186,1.501658514,0.166476,0.166476,hose
2020-07-28 09:25:00,2020-07-28 09:26:00,0.4,0.457809,0.624285,0.041619,0.041619,faucet
2020-07-28 09:35:00,2020-07-28 09:35:00,0.6,1.415046,2.35841,0.166476,0.166476,toilet
2020-07-28 09:35:00,2020-07-28 09:36:00,0.666666667,0.790761,1.1861415,0.083238,0.083238,faucet
2020-07-28 09:37:00,2020-07-28 09:37:00,0.2,0.166476,0.83238,0.041619,0.041619,faucet
2020-07-28 09:38:00,2020-07-28 09:39:00,0.466666667,0.957237,2.051222143,0.166476,0.124857,toilet
2020-07-28 09:40:00,2020-07-28 09:40:00,0.266666667,0.457809,1.71678375,0.124857,0.083238,faucet
2020-07-28 10:33:00,2020-07-28 10:33:00,0.2,0.166476,0.83238,0.041619,0.041619,faucet
2020-07-28 10:33:00,2020-07-28 10:34:00,0.266666667,0.291333,1.09249875,0.041619,0.041619,faucet
2020-07-28 11:28:00,2020-07-28 11:37:00,9.133333333,15.482268,1.695138832,0.124857,0.083238,shower
2020-07-28 11:53:00,2020-07-28 11:54:00,1,2.122569,2.122569,0.166476,0.166476,toilet
2020-07-28 12:10:00,2020-07-28 12:11:00,1,2.330664,2.330664,0.208095,0.166476,toilet
2020-07-28 12:16:00,2020-07-28 12:16:00,0.133333333,0.124857,0.9364275,0.083238,0.041619,faucet
2020-07-28 12:18:00,2020-07-28 12:18:00,0.266666667,0.166476,0.624285,0.041619,0.041619,faucet
2020-07-28 12:26:00,2020-07-28 12:27:00,0.2,0.124857,0.624285,0.041619,0.041619,faucet
2020-07-28 12:30:00,2020-07-28 12:31:00,0.4,0.41619,1.040475,0.083238,0.041619,faucet
2020-07-28 12:32:00,2020-07-28 12:33:00,0.933333333,2.122569,2.274181071,0.166476,0.166476,toilet
2020-07-28 12:44:00,2020-07-28 12:44:00,0.2,0.124857,0.624285,0.041619,0.041619,faucet
2020-07-28 12:45:00,2020-07-28 12:45:00,0.2,0.166476,0.83238,0.041619,0.041619,faucet
2020-07-28 12:46:00,2020-07-28 12:47:00,1.066666667,2.996568,2.8092825,0.208095,0.166476,toilet
2020-07-28 12:47:00,2020-07-28 12:47:00,0.333333333,0.332952,0.998856,0.041619,0.041619,faucet
2020-07-28 13:17:00,2020-07-28 13:18:00,0.933333333,2.164188,2.318772857,0.166476,0.166476,toilet
2020-07-28 13:38:00,2020-07-28 13:39:00,1.2,3.579234,2.982695,0.208095,0.166476,toilet
2020-07-28 14:01:00,2020-07-28 14:02:00,0.4,0.374571,0.9364275,0.041619,0.041619,faucet
2020-07-28 14:08:00,2020-07-28 14:09:00,0.933333333,0.915618,0.981019286,0.041619,0.041619,faucet
2020-07-28 14:14:00,2020-07-28 14:15:00,0.933333333,2.122569,2.274181071,0.166476,0.166476,toilet
2020-07-28 14:40:00,2020-07-28 14:40:00,0.466666667,2.289045,4.905096429,0.41619,0.374571,toilet
2020-07-28 15:14:00,2020-07-28 15:16:00,1.2,3.454377,2.8786475,0.166476,0.166476,toilet
2020-07-28 15:31:00,2020-07-28 15:39:00,8.333333333,22.349403,2.48715144,0.166476,0.166476,hose
2020-07-28 15:35:00,2020-07-28 15:39:00,4,8.157324,2.02892625,0.41619,0.41619,hose
2020-07-28 15:35:00,2020-07-28 15:35:00,0.066666667,0.041619,0.624285,0.041619,0.041619,faucet
2020-07-28 16:08:00,2020-07-28 16:10:00,1.2,3.454377,2.8786475,0.208095,0.166476,toilet
2020-07-28 16:23:00,2020-07-28 16:24:00,1,1.040475,1.040475,0.083238,0.041619,faucet
2020-07-28 16:25:00,2020-07-28 16:25:00,0.133333333,0.124857,0.9364275,0.083238,0.041619,faucet
2020-07-28 16:50:00,2020-07-28 16:55:00,5.266666667,11.611701,2.204753354,0.208095,0.124857,shower
2020-07-28 17:26:00,2020-07-28 17:27:00,1.2,3.454377,2.8786475,0.166476,0.166476,toilet
2020-07-28 17:35:00,2020-07-28 17:35:00,0.466666667,0.457809,0.981019286,0.083238,0.041619,faucet
2020-07-28 17:56:00,2020-07-28 17:57:00,0.933333333,2.164188,2.318772857,0.166476,0.124857,toilet
2020-07-28 18:06:00,2020-07-28 18:07:00,0.466666667,0.374571,0.802652143,0.041619,0.041619,faucet
2020-07-28 18:19:00,2020-07-28 18:19:00,0.733333333,0.749142,1.021557273,0.041619,0.041619,faucet
2020-07-28 18:26:00,2020-07-28 18:26:00,0.2,0.166476,0.83238,0.041619,0.041619,faucet
2020-07-28 18:36:00,2020-07-28 18:36:00,0.266666667,0.249714,0.9364275,0.041619,0.041619,faucet
2020-07-28 19:28:00,2020-07-28 19:29:00,1.2,3.495996,2.91333,0.208095,0.166476,toilet
2020-07-28 19:51:00,2020-07-28 19:52:00,1.2,3.537615,2.9480125,0.166476,0.166476,toilet
2020-07-28 20:47:00,2020-07-28 20:47:00,0.666666667,0.457809,0.6867135,0.041619,0.041619,faucet
2020-07-28 21:01:00,2020-07-28 21:01:00,0.2,0.166476,0.83238,0.041619,0.041619,faucet
2020-07-28 21:06:00,2020-07-28 21:11:00,4.666666667,13.651032,2.925221143,0.249714,0.166476,clothwasher
2020-07-28 21:19:00,2020-07-28 21:19:00,0.6,1.415046,2.35841,0.166476,0.124857,toilet
2020-07-28 21:22:00,2020-07-28 21:23:00,1,3.038187,3.038187,0.291333,0.124857,hose
2020-07-28 21:23:00,2020-07-28 21:24:00,0.266666667,0.499428,1.872855,0.124857,0.083238,faucet
2020-07-28 21:25:00,2020-07-28 21:25:00,0.2,0.208095,1.040475,0.083238,0.041619,faucet
2020-07-28 21:26:00,2020-07-28 21:27:00,0.4,2.205807,5.5145175,0.374571,0.332952,toilet
2020-07-28 21:35:00,2020-07-28 21:37:00,1.266666667,3.454377,2.727139737,0.166476,0.166476,toilet
2020-07-28 21:38:00,2020-07-28 21:39:00,1.266666667,3.454377,2.727139737,0.166476,0.166476,toilet
2020-07-28 22:09:00,2020-07-28 22:10:00,1.266666667,3.579234,2.825711053,0.208095,0.166476,toilet
2020-07-28 23:12:00,2020-07-28 23:13:00,0.933333333,2.164188,2.318772857,0.166476,0.166476,toilet
2020-07-28 23:58:00,2020-07-28 23:59:00,0.933333333,2.164188,2.318772857,0.166476,0.166476,toilet
2020-07-29 03:45:00,2020-07-29 04:44:00,59.4,67.173066,0.624285,0.041619,0.041619,irrigation
2020-07-29 03:45:00,2020-07-29 03:46:00,0.866666667,2.122569,1.968898846,0.541047,0.541047,hose
2020-07-29 03:49:00,2020-07-29 03:50:00,0.8,0.749142,0.624285,0.041619,0.041619,faucet
2020-07-29 07:14:00,2020-07-29 07:15:00,1.2,3.579234,2.982695,0.166476,0.166476,toilet
2020-07-29 07:23:00,2020-07-29 07:23:00,0.333333333,0.291333,0.873999,0.083238,0.041619,faucet
2020-07-29 07:24:00,2020-07-29 07:25:00,0.933333333,2.289045,2.452548214,0.166476,0.166476,toilet
2020-07-29 07:28:00,2020-07-29 07:28:00,0.2,0.124857,0.624285,0.041619,0.041619,faucet
2020-07-29 07:37:00,2020-07-29 07:38:00,0.466666667,0.457809,0.981019286,0.041619,0.041619,faucet
2020-07-29 07:38:00,2020-07-29 07:38:00,0.2,0.166476,0.83238,0.041619,0.041619,faucet
2020-07-29 07:50:00,2020-07-29 07:51:00,0.466666667,0.374571,0.802652143,0.083238,0.041619,faucet
2020-07-29 07:56:00,2020-07-29 07:57:00,0.266666667,0.208095,0.78035625,0.041619,0.041619,faucet
2020-07-29 07:57:00,2020-07-29 07:57:00,0.2,0.124857,0.624285,0.041619,0.041619,faucet
2020-07-29 08:17:00,2020-07-29 08:18:00,0.866666667,2.122569,2.449118077,0.166476,0.166476,toilet
2020-07-29 08:39:00,2020-07-29 08:39:00,0.933333333,2.122569,2.274181071,0.166476,0.166476,toilet
2020-07-29 09:09:00,2020-07-29 09:10:00,0.466666667,0.41619,0.891835714,0.041619,0.041619,faucet
2020-07-29 09:12:00,2020-07-29 09:13:00,1,0.957237,0.957237,0.083238,0.041619,faucet
2020-07-29 09:14:00,2020-07-29 09:15:00,1.333333333,1.456665,1.09249875,0.083238,0.041619,faucet
2020-07-29 09:19:00,2020-07-29 09:19:00,0.266666667,0.208095,0.78035625,0.083238,0.041619,faucet
2020-07-29 09:19:00,2020-07-29 09:19:00,0.133333333,0.124857,0.9364275,0.041619,0.041619,faucet
2020-07-29 09:26:00,2020-07-29 09:26:00,0.266666667,0.208095,0.78035625,0.041619,0.041619,faucet
2020-07-29 09:29:00,2020-07-29 09:30:00,1,2.205807,2.205807,0.166476,0.166476,toilet
2020-07-29 09:41:00,2020-07-29 09:42:00,0.6,0.582666,0.97111,0.041619,0.041619,faucet
2020-07-29 09:42:00,2020-07-29 09:42:00,0.266666667,0.166476,0.624285,0.041619,0.041619,faucet
2020-07-29 09:51:00,2020-07-29 09:58:00,7.533333333,14.649888,1.823133186,0.124857,0.124857,shower
2020-07-29 09:51:00,2020-07-29 09:52:00,0.933333333,1.914474,1.694487857,0.124857,0.124857,toilet
2020-07-29 09:57:00,2020-07-29 09:57:00,0.8,0.582666,0.624285,0.041619,0.041619,faucet
2020-07-29 09:58:00,2020-07-29 09:58:00,0.333333333,0.249714,0.624285,0.041619,0.041619,faucet
2020-07-29 09:59:00,2020-07-29 09:59:00,0.133333333,0.124857,0.9364275,0.083238,0.041619,faucet
2020-07-29 10:05:00,2020-07-29 10:05:00,0.266666667,0.166476,0.624285,0.041619,0.041619,faucet
2020-07-29 10:07:00,2020-07-29 10:07:00,0.533333333,0.541047,1.014463125,0.083238,0.041619,faucet
2020-07-29 10:09:00,2020-07-29 10:14:00,4.466666667,13.151604,2.944388955,0.249714,0.166476,clothwasher
2020-07-29 10:22:00,2020-07-29 10:22:00,0.6,1.415046,2.35841,0.166476,0.166476,toilet
2020-07-29 10:25:00,2020-07-29 10:26:00,0.4,0.957237,2.3930925,0.166476,0.124857,toilet
2020-07-29 10:26:00,2020-07-29 10:27:00,0.2,0.457809,2.289045,0.124857,0.124857,toilet
2020-07-29 10:37:00,2020-07-29 10:43:00,6.4,21.766737,3.127927969,0.208095,0.208095,hose
2020-07-29 10:37:00,2020-07-29 10:40:00,2.933333333,5.993136,1.986361364,0.457809,0.457809,hose
2020-07-29 10:37:00,2020-07-29 10:37:00,0.066666667,0.041619,0.624285,0.041619,0.041619,faucet
2020-07-29 11:29:00,2020-07-29 11:30:00,1.133333333,3.287901,2.901089118,0.166476,0.166476,toilet
2020-07-29 11:30:00,2020-07-29 11:41:00,11.26666667,18.686931,1.252263994,0.083238,0.083238,shower
2020-07-29 11:30:00,2020-07-29 11:31:00,0.6,1.082094,1.456665,0.124857,0.124857,toilet
2020-07-29 11:45:00,2020-07-29 11:46:00,0.866666667,2.122569,2.449118077,0.166476,0.166476,toilet
2020-07-29 12:24:00,2020-07-29 12:24:00,0.333333333,0.249714,0.749142,0.041619,0.041619,faucet
2020-07-29 12:48:00,2020-07-29 12:50:00,1.4,2.289045,1.635032143,0.083238,0.083238,faucet
2020-07-29 12:53:00,2020-07-29 12:54:00,1.2,3.537615,2.9480125,0.208095,0.166476,toilet
2020-07-29 13:00:00,2020-07-29 13:00:00,0.266666667,0.208095,0.78035625,0.041619,0.041619,faucet
2020-07-29 13:02:00,2020-07-29 13:02:00,0.2,0.124857,0.624285,0.041619,0.041619,faucet
2020-07-29 13:02:00,2020-07-29 13:03:00,0.133333333,0.124857,0.9364275,0.083238,0.041619,faucet
2020-07-29 13:21:00,2020-07-29 13:22:00,0.4,0.41619,1.040475,0.083238,0.041619,faucet
2020-07-29 13:26:00,2020-07-29 13:27:00,1.266666667,3.579234,2.825711053,0.166476,0.166476,toilet
2020-07-29 13:52:00,2020-07-29 13:54:00,2.2,2.372283,1.078310455,0.041619,0.041619,faucet
2020-07-29 13:55:00,2020-07-29 13:56:00,1,2.164188,2.164188,0.166476,0.166476,toilet
2020-07-29 14:52:00,2020-07-29 14:52:00,0.466666667,0.457809,0.981019286,0.041619,0.041619,faucet
2020-07-29 15:08:00,2020-07-29 15:08:00,0.4,0.332952,0.83238,0.041619,0.041619,faucet
2020-07-29 15:10:00,2020-07-29 15:11:00,0.933333333,2.164188,2.318772857,0.166476,0.166476,toilet
2020-07-29 15:15:00,2020-07-29 15:16:00,0.933333333,1.040475,1.114794643,0.083238,0.041619,faucet
2020-07-29 15:28:00,2020-07-29 15:34:00,6.066666667,12.402462,1.859134451,0.124857,0.124857,shower
2020-07-29 15:28:00,2020-07-29 15:28:00,0.2,0.249714,0.624285,0.041619,0.041619,faucet
2020-07-29 15:28:00,2020-07-29 15:28:00,0.066666667,0.041619,0.624285,0.041619,0.041619,faucet
2020-07-29 15:29:00,2020-07-29 15:30:00,0.2,0.208095,0.624285,0.041619,0.041619,faucet
2020-07-29 15:30:00,2020-07-29 15:30:00,0.133333333,0.124857,0.624285,0.041619,0.041619,faucet
2020-07-29 15:31:00,2020-07-29 15:32:00,0.8,0.83238,0.624285,0.041619,0.041619,faucet
2020-07-29 15:32:00,2020-07-29 15:32:00,0.2,0.166476,0.624285,0.041619,0.041619,faucet
2020-07-29 15:32:00,2020-07-29 15:34:00,1.266666667,1.165332,0.624285,0.041619,0.041619,faucet
2020-07-29 15:33:00,2020-07-29 15:33:00,0.6,0.457809,0.624285,0.041619,0.041619,faucet
2020-07-29 15:35:00,2020-07-29 15:37:00,1.4,2.954949,2.110677857,0.208095,0.166476,toilet
2020-07-29 15:49:00,2020-07-29 15:50:00,1.2,3.579234,2.982695,0.208095,0.208095,toilet
2020-07-29 15:53:00,2020-07-29 15:54:00,0.266666667,0.208095,0.78035625,0.041619,0.041619,faucet
2020-07-29 15:55:00,2020-07-29 15:56:00,0.4,0.291333,0.7283325,0.041619,0.041619,faucet
2020-07-29 16:37:00,2020-07-29 16:38:00,1.266666667,3.620853,2.858568158,0.208095,0.166476,toilet
2020-07-29 16:41:00,2020-07-29 16:41:00,0.933333333,2.164188,2.318772857,0.166476,0.166476,toilet
2020-07-29 16:44:00,2020-07-29 16:45:00,0.533333333,0.582666,1.09249875,0.083238,0.041619,faucet
2020-07-30 03:45:00,2020-07-30 04:44:00,59.6,70.252872,1.178739463,0.624285,0.041619,irrigation
2020-07-30 05:00:00,2020-07-30 07:21:00,141.2,3026.450442,21.433785,2.247426,1.498284,irrigation
2020-07-31 03:45:00,2020-07-31 04:44:00,59.53333333,70.044777,1.176564003,0.582666,0.041619,irrigation
2020-07-31 11:05:00,2020-07-31 11:06:00,0.933333333,2.205807,2.363364643,0.166476,0.166476,toilet
2020-07-31 11:06:00,2020-07-31 11:07:00,1,2.247426,2.247426,0.166476,0.166476,toilet
2020-07-31 12:06:00,2020-07-31 12:07:00,1.133333333,2.954949,2.607307941,0.208095,0.208095,toilet
2020-08-01 03:45:00,2020-08-01 04:45:00,59.86666667,69.878301,1.167232199,0.582666,0.041619,irrigation
2020-08-02 03:45:00,2020-08-02 04:45:00,59.93333333,70.835538,1.181905528,0.541047,0.041619,irrigation
2020-08-02 05:00:00,2020-08-02 07:21:00,141.1333333,3012.424839,21.34453122,2.247426,1.498284,irrigation
2020-08-02 17:00:00,2020-08-02 17:02:00,1.266666667,3.620853,2.858568158,0.208095,0.208095,toilet
2020-08-02 17:03:00,2020-08-02 17:03:00,0.4,1.956093,4.8902325,0.374571,0.374571,toilet
2020-08-02 17:07:00,2020-08-02 17:08:00,1,2.205807,2.205807,0.166476,0.166476,toilet
2020-08-02 17:19:00,2020-08-02 17:29:00,10.6,21.059214,1.865002358,0.124857,0.124857,shower
2020-08-02 17:19:00,2020-08-02 17:20:00,1.2,3.121425,2.49714,0.249714,0.249714,toilet
2020-08-02 17:19:00,2020-08-02 17:20:00,0.2,0.291333,1.456665,0.041619,0.041619,faucet
2020-08-02 17:25:00,2020-08-02 17:29:00,4.733333333,13.983984,2.919191831,0.208095,0.208095,clothwasher
2020-08-02 17:25:00,2020-08-02 17:25:00,0.066666667,0.083238,0.624285,0.041619,0.041619,faucet
2020-08-02 17:37:00,2020-08-02 17:44:00,7,22.05807,3.079806,0.208095,0.208095,hose
2020-08-02 17:37:00,2020-08-02 17:38:00,0.666666667,1.373427,2.0601405,0.041619,0.041619,faucet
2020-08-02 17:39:00,2020-08-02 17:39:00,0.6,2.455521,3.815075,0.374571,0.374571,toilet
2020-08-02 17:39:00,2020-08-02 17:39:00,0.066666667,0.041619,0.624285,0.041619,0.041619,faucet
2020-08-02 17:41:00,2020-08-02 17:41:00,0.533333333,0.790761,1.326605625,0.124857,0.124857,toilet
2020-08-02 17:41:00,2020-08-02 17:41:00,0.133333333,0.124857,0.9364275,0.041619,0.041619,faucet
2020-08-02 17:42:00,2020-08-02 17:42:00,0.266666667,0.41619,1.09249875,0.083238,0.083238,faucet
2020-08-02 17:48:00,2020-08-02 17:49:00,1.4,1.498284,1.070202857,0.083238,0.041619,faucet
2020-08-02 17:50:00,2020-08-02 17:51:00,1,0.790761,0.790761,0.041619,0.041619,faucet
2020-08-02 17:53:00,2020-08-02 17:54:00,0.8,1.623141,2.02892625,0.208095,0.041619,faucet
2020-08-02 17:54:00,2020-08-02 17:56:00,1.466666667,1.581522,1.078310455,0.041619,0.041619,faucet
2020-08-02 17:56:00,2020-08-02 17:56:00,0.2,0.124857,0.624285,0.041619,0.041619,faucet
2020-08-02 17:57:00,2020-08-02 17:57:00,0.733333333,0.707523,0.964804091,0.041619,0.041619,faucet
2020-08-02 17:57:00,2020-08-02 17:58:00,0.133333333,0.124857,0.9364275,0.041619,0.041619,faucet
2020-08-02 17:59:00,2020-08-02 17:59:00,0.4,0.249714,0.624285,0.041619,0.041619,faucet
2020-08-02 18:01:00,2020-08-02 18:01:00,0.4,0.790761,1.9769025,0.166476,0.083238,faucet
2020-08-02 18:09:00,2020-08-02 18:10:00,1.133333333,0.998856,0.881343529,0.041619,0.041619,faucet
2020-08-02 18:10:00,2020-08-02 18:10:00,0.266666667,0.249714,0.9364275,0.041619,0.041619,faucet
2020-08-02 18:11:00,2020-08-02 18:11:00,0.4,0.374571,0.9364275,0.041619,0.041619,faucet
2020-08-02 18:12:00,2020-08-02 18:12:00,0.8,0.790761,0.98845125,0.041619,0.041619,faucet
2020-08-02 18:20:00,2020-08-02 18:22:00,2.466666667,6.950373,2.817718784,0.166476,0.166476,hose
2020-08-02 18:25:00,2020-08-02 18:35:00,10.2,30.839679,3.023497941,0.208095,0.166476,hose
2020-08-02 18:46:00,2020-08-02 18:51:00,4.666666667,13.193223,2.827119214,0.166476,0.166476,clothwasher
2020-08-02 18:59:00,2020-08-02 18:59:00,0.533333333,1.373427,2.575175625,0.166476,0.124857,toilet
2020-08-02 19:02:00,2020-08-02 19:03:00,0.466666667,0.915618,1.962038571,0.166476,0.124857,toilet
2020-08-02 19:04:00,2020-08-02 19:04:00,0.266666667,0.457809,1.71678375,0.124857,0.083238,faucet
2020-08-02 19:09:00,2020-08-02 19:11:00,1.733333333,1.997712,1.152526154,0.083238,0.041619,faucet
2020-08-02 19:12:00,2020-08-02 19:25:00,12.86666667,20.601405,1.24857,0.083238,0.083238,shower
2020-08-02 19:12:00,2020-08-02 19:14:00,1.733333333,5.535327,3.193457885,0.374571,0.374571,toilet
2020-08-02 19:18:00,2020-08-02 19:19:00,0.666666667,2.580378,3.6832815,0.41619,0.41619,toilet
2020-08-02 19:30:00,2020-08-02 19:31:00,0.933333333,2.122569,2.274181071,0.166476,0.166476,toilet
2020-08-02 20:05:00,2020-08-02 20:09:00,4.6,13.026747,2.831901522,0.166476,0.166476,clothwasher
2020-08-02 20:17:00,2020-08-02 20:18:00,0.6,1.415046,2.35841,0.166476,0.166476,toilet
2020-08-02 20:21:00,2020-08-02 20:21:00,0.4,0.957237,2.3930925,0.166476,0.166476,toilet
2020-08-02 20:22:00,2020-08-02 20:22:00,0.266666667,0.499428,1.872855,0.124857,0.124857,toilet
2020-08-02 20:30:00,2020-08-02 20:31:00,0.6,0.541047,0.901745,0.041619,0.041619,faucet
2020-08-02 20:32:00,2020-08-02 20:33:00,0.6,0.499428,0.83238,0.041619,0.041619,faucet
2020-08-02 20:38:00,2020-08-02 20:40:00,2.066666667,2.247426,1.087464194,0.083238,0.041619,faucet
2020-08-02 20:48:00,2020-08-02 20:48:00,0.266666667,0.166476,0.624285,0.041619,0.041619,faucet
2020-08-02 20:49:00,2020-08-02 20:50:00,0.266666667,0.208095,0.78035625,0.041619,0.041619,faucet
2020-08-02 20:50:00,2020-08-02 20:50:00,0.333333333,0.332952,0.998856,0.041619,0.041619,faucet
2020-08-02 20:52:00,2020-08-02 20:52:00,0.133333333,0.124857,0.9364275,0.041619,0.041619,faucet
2020-08-02 20:54:00,2020-08-02 20:54:00,0.933333333,0.957237,1.025611071,0.041619,0.041619,faucet
2020-08-02 20:55:00,2020-08-02 20:55:00,0.2,0.166476,0.83238,0.041619,0.041619,faucet
2020-08-02 20:55:00,2020-08-02 20:56:00,0.266666667,0.291333,1.09249875,0.083238,0.041619,faucet
2020-08-02 21:10:00,2020-08-02 21:11:00,0.266666667,0.208095,0.78035625,0.041619,0.041619,faucet
2020-08-02 21:17:00,2020-08-02 21:18:00,1.266666667,3.579234,2.825711053,0.208095,0.166476,toilet
2020-08-02 21:19:00,2020-08-02 21:20:00,0.933333333,0.749142,0.802652143,0.083238,0.041619,faucet
2020-08-02 21:21:00,2020-08-02 21:21:00,0.2,0.124857,0.624285,0.041619,0.041619,faucet
2020-08-02 21:22:00,2020-08-02 21:24:00,1.266666667,3.454377,2.727139737,0.166476,0.166476,toilet
2020-08-02 21:28:00,2020-08-02 21:28:00,0.533333333,2.330664,4.369995,0.41619,0.208095,toilet
2020-08-02 21:31:00,2020-08-02 21:32:00,0.533333333,0.541047,1.014463125,0.041619,0.041619,faucet
2020-08-02 22:11:00,2020-08-02 22:12:00,0.933333333,2.164188,2.318772857,0.166476,0.166476,toilet
2020-08-02 22:15:00,2020-08-02 22:16:00,0.2,0.166476,0.83238,0.083238,0.041619,faucet
2020-08-02 22:16:00,2020-08-02 22:16:00,0.4,0.374571,0.9364275,0.041619,0.041619,faucet
2020-08-02 22:22:00,2020-08-02 22:23:00,0.933333333,0.915618,0.981019286,0.041619,0.041619,faucet
2020-08-02 22:27:00,2020-08-02 22:29:00,1.2,3.579234,2.982695,0.166476,0.166476,toilet
2020-08-03 03:45:00,2020-08-03 03:45:00,0.066666667,0.541047,8.115705,0.166476,0.166476,hose
2020-08-03 03:45:00,2020-08-03 04:45:00,59.53333333,67.00659,0.624285,0.041619,0.041619,irrigation
2020-08-03 03:45:00,2020-08-03 03:46:00,1,1.66476,1.373427,0.332952,0.332952,toilet
2020-08-03 03:49:00,2020-08-03 03:51:00,1.933333333,4.911042,2.454085862,0.249714,0.249714,toilet
2020-08-03 06:25:00,2020-08-03 06:26:00,0.133333333,0.124857,0.9364275,0.041619,0.041619,faucet
2020-08-03 07:56:00,2020-08-03 07:56:00,0.2,0.124857,0.624285,0.041619,0.041619,faucet
2020-08-03 08:10:00,2020-08-03 08:10:00,0.333333333,0.332952,0.998856,0.083238,0.041619,faucet
2020-08-03 08:18:00,2020-08-03 08:18:00,0.2,0.166476,0.83238,0.041619,0.041619,faucet
2020-08-03 08:20:00,2020-08-03 08:29:00,9.066666667,15.315792,1.689241765,0.083238,0.083238,shower
2020-08-03 08:33:00,2020-08-03 08:35:00,1.333333333,3.953805,2.96535375,0.208095,0.208095,toilet
2020-08-03 08:40:00,2020-08-03 08:45:00,4.466666667,13.193223,2.953706642,0.249714,0.166476,clothwasher
2020-08-03 08:53:00,2020-08-03 08:53:00,0.533333333,1.415046,2.65321125,0.166476,0.166476,toilet
2020-08-03 08:56:00,2020-08-03 08:57:00,0.4,0.957237,2.3930925,0.166476,0.124857,toilet
2020-08-03 08:58:00,2020-08-03 08:58:00,0.266666667,0.499428,1.872855,0.124857,0.083238,faucet
2020-08-03 09:04:00,2020-08-03 09:04:00,0.466666667,2.205807,4.726729286,0.374571,0.332952,toilet
2020-08-03 09:09:00,2020-08-03 09:13:00,4.4,6.991992,1.239111136,0.083238,0.083238,shower
2020-08-03 09:09:00,2020-08-03 09:09:00,0.266666667,0.249714,0.9364275,0.041619,0.041619,faucet
2020-08-03 09:12:00,2020-08-03 09:13:00,0.866666667,2.205807,2.449118077,0.208095,0.208095,toilet
2020-08-03 09:13:00,2020-08-03 09:13:00,0.133333333,0.124857,0.624285,0.041619,0.041619,faucet
2020-08-03 09:18:00,2020-08-03 09:18:00,0.266666667,0.208095,0.78035625,0.041619,0.041619,faucet
2020-08-03 09:20:00,2020-08-03 09:20:00,0.533333333,0.374571,0.702320625,0.083238,0.041619,faucet
2020-08-03 09:21:00,2020-08-03 09:21:00,0.133333333,0.166476,1.24857,0.083238,0.041619,faucet
2020-08-03 09:23:00,2020-08-03 09:24:00,0.4,0.541047,1.3526175,0.083238,0.041619,faucet
2020-08-03 09:25:00,2020-08-03 09:25:00,0.2,0.124857,0.624285,0.041619,0.041619,faucet
2020-08-03 09:35:00,2020-08-03 09:36:00,1.6,1.872855,1.170534375,0.041619,0.041619,faucet
2020-08-03 10:03:00,2020-08-03 10:04:00,0.933333333,2.164188,2.318772857,0.166476,0.166476,toilet
2020-08-03 10:27:00,2020-08-03 10:46:00,19.6,38.247861,1.866484745,0.124857,0.124857,shower
2020-08-03 10:39:00,2020-08-03 10:46:00,7.266666667,13.234842,1.672396514,0.124857,0.124857,shower
2020-08-03 10:51:00,2020-08-03 10:51:00,0.733333333,1.415046,1.929608182,0.124857,0.124857,toilet
2020-08-03 11:05:00,2020-08-03 11:12:00,7.066666667,19.019883,2.503029481,0.166476,0.166476,hose
2020-08-03 11:05:00,2020-08-03 11:07:00,2.133333333,3.995424,1.833837188,0.41619,0.41619,toilet
2020-08-03 11:07:00,2020-08-03 11:07:00,0.133333333,0.166476,1.24857,0.041619,0.041619,faucet
2020-08-03 11:08:00,2020-08-03 11:10:00,2.133333333,5.41047,2.477631094,0.208095,0.208095,toilet
2020-08-03 11:08:00,2020-08-03 11:08:00,0.133333333,0.208095,0.624285,0.041619,0.041619,faucet
2020-08-03 11:20:00,2020-08-03 11:21:00,1,2.039331,2.039331,0.166476,0.083238,faucet
2020-08-03 11:23:00,2020-08-03 11:24:00,0.466666667,0.957237,2.051222143,0.166476,0.041619,faucet
2020-08-03 11:25:00,2020-08-03 11:25:00,0.266666667,0.457809,1.71678375,0.124857,0.124857,toilet
2020-08-03 11:26:00,2020-08-03 11:26:00,0.266666667,0.208095,0.78035625,0.041619,0.041619,faucet
2020-08-03 11:30:00,2020-08-03 11:31:00,1,1.082094,1.082094,0.083238,0.041619,faucet
2020-08-03 11:31:00,2020-08-03 11:40:00,8.866666667,25.762161,2.90550688,0.208095,0.166476,hose
2020-08-03 11:41:00,2020-08-03 11:41:00,0.4,0.332952,0.83238,0.041619,0.041619,faucet
2020-08-03 11:48:00,2020-08-03 11:51:00,2.4,6.534183,2.427775,0.166476,0.166476,hose
2020-08-03 11:49:00,2020-08-03 11:49:00,0.733333333,0.582666,0.794544545,0.083238,0.083238,faucet
2020-08-03 11:52:00,2020-08-03 11:52:00,0.2,0.124857,0.624285,0.041619,0.041619,faucet
2020-08-03 11:54:00,2020-08-03 11:55:00,0.4,0.374571,0.9364275,0.041619,0.041619,faucet
2020-08-03 12:01:00,2020-08-03 12:01:00,0.466666667,0.374571,0.802652143,0.041619,0.041619,faucet
2020-08-03 12:29:00,2020-08-03 12:30:00,0.933333333,2.08095,2.229589286,0.166476,0.166476,toilet
2020-08-03 13:29:00,2020-08-03 13:30:00,1.2,3.662472,3.05206,0.208095,0.208095,toilet
2020-08-03 13:47:00,2020-08-03 13:47:00,0.466666667,2.538759,5.440197857,0.41619,0.249714,toilet
2020-08-03 13:49:00,2020-08-03 13:50:00,0.466666667,0.83238,1.783671429,0.124857,0.083238,faucet
2020-08-03 14:00:00,2020-08-03 14:01:00,0.2,0.166476,0.83238,0.041619,0.041619,faucet
2020-08-03 15:06:00,2020-08-03 15:07:00,1.2,3.495996,2.91333,0.166476,0.166476,toilet
2020-08-03 15:17:00,2020-08-03 15:18:00,1,2.205807,2.205807,0.166476,0.166476,toilet
2020-08-03 15:39:00,2020-08-03 15:39:00,0.466666667,1.706379,3.656526429,0.208095,0.208095,toilet
2020-08-03 15:42:00,2020-08-03 15:43:00,0.4,2.247426,5.618565,0.41619,0.291333,toilet
2020-08-03 16:05:00,2020-08-03 16:09:00,4.533333333,12.402462,2.469598015,0.166476,0.166476,clothwasher
2020-08-03 16:05:00,2020-08-03 16:05:00,0.333333333,0.41619,1.24857,0.041619,0.041619,faucet
2020-08-03 16:07:00,2020-08-03 16:07:00,0.533333333,1.206951,2.1849975,0.249714,0.249714,toilet
2020-08-03 16:08:00,2020-08-03 16:09:00,0.466666667,0.915618,1.962038571,0.041619,0.041619,faucet
2020-08-03 16:09:00,2020-08-03 16:09:00,0.266666667,0.749142,2.65321125,0.249714,0.249714,toilet
2020-08-03 16:17:00,2020-08-03 16:18:00,0.666666667,1.456665,2.1849975,0.166476,0.166476,toilet
2020-08-03 16:21:00,2020-08-03 16:21:00,0.4,0.915618,2.289045,0.166476,0.166476,toilet
2020-08-03 16:22:00,2020-08-03 16:23:00,0.266666667,0.457809,1.71678375,0.124857,0.041619,faucet
2020-08-03 17:09:00,2020-08-03 17:10:00,0.6,0.624285,1.040475,0.083238,0.041619,faucet
2020-08-03 17:32:00,2020-08-03 17:41:00,8.466666667,18.353979,2.167792795,0.249714,0.124857,shower
2020-08-03 18:53:00,2020-08-03 18:54:00,1,2.164188,2.164188,0.166476,0.166476,toilet
2020-08-03 19:00:00,2020-08-03 19:02:00,1.266666667,3.620853,2.858568158,0.208095,0.166476,toilet
2020-08-03 19:54:00,2020-08-03 19:56:00,1.266666667,3.537615,2.792853947,0.166476,0.166476,toilet
2020-08-03 19:56:00,2020-08-03 19:57:00,0.6,0.499428,0.83238,0.041619,0.041619,faucet
2020-08-03 19:58:00,2020-08-03 20:10:00,12.2,72.375441,5.932413197,0.374571,0.374571,hose
2020-08-03 20:12:00,2020-08-03 20:17:00,5.066666667,39.038622,7.704991184,0.499428,0.499428,hose
2020-08-03 20:28:00,2020-08-03 20:28:00,0.266666667,0.249714,0.9364275,0.041619,0.041619,faucet
2020-08-03 20:38:00,2020-08-03 20:38:00,0.2,0.166476,0.83238,0.041619,0.041619,faucet
2020-08-03 21:10:00,2020-08-03 21:11:00,0.933333333,2.164188,2.318772857,0.166476,0.166476,toilet
2020-08-03 21:47:00,2020-08-03 21:48:00,0.933333333,2.164188,2.318772857,0.166476,0.166476,toilet
2020-08-03 21:58:00,2020-08-03 21:58:00,0.133333333,0.124857,0.9364275,0.041619,0.041619,faucet
2020-08-03 22:13:00,2020-08-03 22:14:00,0.6,0.541047,0.901745,0.041619,0.041619,faucet
2020-08-03 22:24:00,2020-08-03 22:25:00,0.4,0.291333,0.7283325,0.041619,0.041619,faucet
2020-08-03 22:29:00,2020-08-03 22:30:00,1.2,3.662472,3.05206,0.208095,0.166476,toilet
2020-08-03 22:32:00,2020-08-03 22:33:00,1.266666667,3.662472,2.891425263,0.208095,0.208095,toilet
2020-08-03 22:53:00,2020-08-03 22:54:00,0.466666667,2.247426,4.815912857,0.41619,0.041619,hose
2020-08-04 03:45:00,2020-08-04 04:45:00,59.93333333,71.626299,1.195099538,0.624285,0.041619,irrigation
2020-08-04 05:00:00,2020-08-04 07:22:00,141.1333333,3007.513797,21.30973404,2.289045,1.498284,irrigation
2020-08-04 08:01:00,2020-08-04 08:01:00,0.6,0.374571,0.624285,0.041619,0.041619,faucet
2020-08-04 08:12:00,2020-08-04 08:13:00,1.2,3.662472,3.05206,0.208095,0.208095,toilet
2020-08-04 08:21:00,2020-08-04 08:21:00,0.266666667,0.166476,0.624285,0.041619,0.041619,faucet
2020-08-04 08:35:00,2020-08-04 08:36:00,0.866666667,2.164188,2.49714,0.166476,0.166476,toilet
2020-08-04 08:39:00,2020-08-04 08:46:00,7.2,12.152748,1.687881667,0.083238,0.083238,shower
2020-08-04 08:49:00,2020-08-04 08:50:00,0.533333333,0.332952,0.624285,0.041619,0.041619,faucet
2020-08-04 08:51:00,2020-08-04 08:51:00,0.266666667,0.166476,0.624285,0.041619,0.041619,faucet